asl_gloss,count,raised,lowered,slightly lowered,slightly raised,raised-furrowed,further raised,further lowered,right raised/left furrowed,left raised/right furrowed,left raised/right lowered,further raised-furrowed
IX-1p,837,545,297,314,309,155,126,88,9,3,0,0
IX-3p:i,664,482,251,241,238,175,134,124,3,1,3,0
part:indef,500,285,186,192,125,143,121,58,2,4,0,0
IX-loc:i,399,311,146,133,156,66,83,48,2,0,1,0
NOT,289,185,131,100,80,62,33,42,0,2,0,0
FRIEND,241,173,80,85,117,36,23,17,2,0,0,0
IF,215,155,95,90,85,75,46,26,1,2,0,0
IX-2p,203,129,84,50,38,35,43,35,0,0,0,0
FUTURE,171,120,60,73,62,46,45,18,0,1,1,0
POSS-1p,150,126,77,68,85,21,20,21,3,0,0,0
WHO,146,48,94,52,23,21,11,24,0,0,1,0
GO-OUT,146,106,49,35,46,13,19,22,0,0,1,0
HAVE,141,81,56,48,33,50,26,39,0,1,0,0
FINISH,127,92,43,33,38,29,21,12,0,0,0,0
(25)WHY,120,126,52,45,84,10,8,15,1,0,0,0
IX-3p:j,117,79,51,45,45,33,20,24,2,0,0,0
MUST,117,87,53,41,55,39,20,16,1,1,0,0
THAT,102,56,33,25,29,58,29,18,0,0,1,0
CAR,100,76,39,45,24,5,11,12,0,2,0,0
TEACHAGENT,100,82,50,34,28,16,2,2,2,0,0,0
MOTHER,98,68,31,17,25,22,28,13,0,1,0,0
WHEN,95,79,40,25,29,16,15,6,0,0,0,0
NOW,91,52,28,29,25,18,12,11,0,0,1,0
5wave no,90,68,41,17,25,25,33,26,0,0,0,0
QMwg,90,66,16,8,26,24,24,3,1,0,0,0
ns-fs-JOHN,89,70,32,24,21,8,7,11,1,0,0,0
WORK,88,56,35,39,40,12,6,3,0,0,0,0
DEAF,87,56,25,18,24,71,42,12,1,0,0,0
POSS-3p:i,87,49,28,17,33,48,21,12,0,0,0,0
NONE/NOTHING,81,48,25,35,18,9,6,14,1,1,0,0
NO,81,42,36,29,13,13,8,34,0,0,0,0
ns-fs-MARY,80,54,28,26,22,5,15,5,0,0,0,0
ARRIVE,80,58,29,19,19,19,21,5,0,0,0,0
FOR,75,53,19,17,20,28,17,11,0,0,0,0
WITH,75,37,27,19,27,35,28,9,0,0,0,0
REALLY,73,51,27,22,15,38,24,11,1,0,0,0
VOICE,73,50,23,9,21,54,17,9,1,0,0,0
ns-fs-BOB,73,70,29,14,30,13,9,12,0,0,0,0
IN,72,40,29,22,19,41,20,7,0,0,0,0
WHERE,71,36,47,23,17,12,12,5,0,0,0,0
WHY,71,53,34,36,22,11,8,17,1,1,0,0
PEOPLE,70,36,23,18,16,55,29,5,0,0,0,0
MAKE,68,37,29,11,26,47,42,8,0,0,0,0
HOME,67,49,30,17,20,19,19,4,0,0,0,0
GROUP/TOGETHER,66,36,17,17,16,19,13,6,0,0,0,0
RAIN,65,47,22,22,7,9,10,6,0,0,0,0
GO,64,43,27,22,16,13,8,8,0,0,0,0
LIKE,63,28,27,21,13,12,7,14,0,0,0,0
BUY,60,35,26,25,11,8,5,8,0,0,0,0
MOTHERFATHER,58,30,30,30,36,24,18,16,0,0,0,0
IX-3p-pl-arc,58,50,19,21,18,35,15,5,0,1,1,0
MEAN,58,26,19,21,23,35,14,6,0,0,0,0
WHAT,57,26,33,16,10,42,8,20,0,0,0,1
LOOK,55,41,21,17,30,25,14,7,0,0,0,0
FATHER,55,46,25,20,20,8,15,3,0,0,0,0
TO/UNTIL,54,37,21,14,13,18,6,11,0,0,0,0
(P)PARTY,54,42,21,15,17,5,9,7,1,0,0,0
SCHOOL,53,44,23,15,13,7,4,1,0,0,0,0
TEND,52,37,18,20,24,4,9,2,0,0,0,0
PASTNIGHT,52,44,20,16,20,6,2,8,0,0,0,0
REALLYWORK,52,54,28,12,24,14,12,2,0,0,0,0
READ,50,33,14,13,9,3,7,4,0,0,0,0
WANTNEG,50,24,22,32,24,12,12,12,0,2,0,0
BOOK,48,36,14,13,8,3,6,7,0,0,0,0
DEPART,47,31,14,10,18,5,6,4,1,0,0,0
NOISE,47,11,6,0,1,60,33,7,0,0,0,0
GOOD/THANK-YOU,46,33,16,16,12,7,10,15,0,0,0,0
DO-DO,46,30,27,13,16,12,6,17,0,1,0,0
BUT,43,34,21,18,13,16,18,11,2,0,0,0
KNOW,43,26,17,10,10,12,8,5,0,0,0,0
TIME,43,24,29,17,15,6,11,2,0,0,0,0
DIFFERENT,42,19,7,12,12,27,9,3,0,0,0,0
CAN,42,30,15,21,17,24,17,1,0,0,0,0
IX-loc:j,42,32,14,10,18,19,13,2,0,0,0,0
OH-I-SEE,41,27,15,8,16,32,18,8,0,0,0,0
fs-OF,41,14,7,7,6,39,19,3,0,0,0,0
HOW,40,18,13,8,11,22,9,1,0,0,0,0
NICE/CLEAN,40,31,21,9,18,5,9,5,0,1,0,0
KISS-FIST,40,38,12,12,16,1,3,0,0,0,0,0
PLAY,38,27,10,10,18,9,6,4,0,0,0,0
TOMORROW,38,25,9,12,2,8,5,3,0,0,0,0
SAME,37,26,8,15,19,23,15,1,0,0,0,0
START,37,26,24,13,9,8,2,9,0,0,0,0
CANNOT,36,23,14,10,17,16,4,4,0,0,0,0
SO,36,15,17,8,12,17,4,3,0,0,0,0
fs-LATE,36,22,18,11,9,9,15,2,0,0,0,0
EXPERIENCE,35,9,9,6,10,24,11,5,0,0,0,0
RECENT-PAST,35,34,18,16,10,2,2,11,0,0,0,0
PROCEED,35,32,15,10,14,11,8,3,0,0,0,0
SNOW,35,32,12,4,1,3,10,2,0,0,0,0
POSS-2p,34,24,14,13,14,9,4,6,0,0,0,0
CULTURE,34,20,11,3,6,27,12,1,0,0,0,0
AND,34,30,8,4,24,19,13,2,1,0,0,0
BREAK,34,29,14,14,20,5,5,7,1,2,0,0
NOT-YET,34,22,10,7,10,3,2,2,0,0,0,0
MANY,34,22,8,13,7,14,6,1,0,0,0,0
WOW,33,29,15,13,15,15,4,1,2,0,0,0
TAKE-UP,33,31,12,12,17,8,3,2,0,0,0,0
DRIVE,33,20,12,12,17,4,3,0,1,0,0,0
HOMEWORK,32,23,9,16,12,8,6,6,0,0,0,0
FAMILY,32,27,5,10,16,7,5,1,0,0,0,0
SISTER,31,18,17,6,14,6,4,4,0,0,0,0
PERSON,31,20,12,6,8,25,6,3,0,0,0,0
HEAR,30,22,8,4,10,31,12,5,1,0,0,0
CANCEL/CRITICIZE,30,22,13,7,5,2,10,1,0,0,0,0
WANT_2,30,21,7,18,10,2,3,1,1,0,0,0
ns-BOSTON,30,19,17,9,8,5,9,3,2,0,0,0
BREAK-DOWN,30,28,10,7,5,4,2,2,0,0,0,0
EAT,29,20,10,15,8,5,9,6,0,0,0,0
MAYBE,29,29,6,15,9,5,9,4,1,0,0,0
fs-BEACH,29,25,10,16,23,4,4,2,0,0,0,0
VISUALIZE,28,15,9,5,14,19,6,2,0,0,0,0
KNOWNEG,28,22,4,6,6,10,6,2,0,0,0,0
TALK,28,18,11,4,10,15,6,3,0,0,0,0
WANT,28,19,6,5,11,2,2,2,0,0,0,0
PINEAPPLE,27,6,15,16,2,3,4,3,0,0,0,0
WOW/AWFUL,27,17,8,4,11,12,7,5,0,0,0,0
THINK,27,19,8,5,13,14,10,3,0,0,1,0
CLASS_2,27,21,14,7,11,4,1,5,1,0,0,0
LOVE,27,24,8,11,15,0,3,4,0,0,0,0
TALKwg,27,15,10,6,5,24,4,1,0,0,0,0
IX-3p-pl-2:i/j,26,20,8,10,19,5,4,0,1,0,0,0
ONE,26,28,10,15,10,8,4,3,1,0,0,0
SURPRISE,26,21,13,8,12,6,7,3,0,0,0,0
REFUSE,26,20,13,20,13,5,9,3,0,0,1,0
ON,26,16,8,3,4,15,15,2,0,0,0,0
FROM,26,10,16,7,6,10,12,4,0,0,0,1
SICK,26,21,11,13,6,2,2,10,0,0,0,0
FINE,25,18,12,7,10,8,6,2,0,0,0,0
ABOUT,25,14,10,4,11,15,6,1,0,0,0,0
5wow,25,14,18,9,3,16,6,2,0,0,0,0
SELL,25,14,7,5,7,2,5,0,0,0,0,0
FIND/FIND-OUT,24,16,15,9,5,2,2,1,1,0,0,0
KIND,24,14,9,2,2,15,10,4,0,0,0,0
USE_2,24,20,9,14,12,6,3,5,0,0,0,0
BICYCLE,24,15,10,9,10,1,3,1,0,0,0,0
CLASS_2BOX/ROOM,24,24,16,8,10,0,0,0,0,0,0,0
STUDY,23,9,5,11,7,9,3,5,0,0,0,0
HAPPEN,23,19,7,5,6,10,7,1,0,0,0,0
LOOK:j,23,18,10,9,6,31,14,13,3,0,0,0
INTERPRET,23,14,3,4,7,7,5,3,0,0,0,0
ENTER,23,19,9,5,7,26,15,1,0,0,0,0
DECIDE,23,17,10,5,8,3,5,1,0,0,0,0
SHOW,23,13,0,7,4,24,17,0,0,0,0,0
KID,23,14,10,9,17,3,10,5,0,0,0,0
NAME,23,27,9,11,10,4,4,2,1,0,0,0
STUDENT,23,26,9,9,7,3,0,1,0,0,0,0
(5)MAN,23,21,10,10,11,1,4,8,0,0,0,0
OTHER,22,11,4,9,7,12,7,1,0,0,0,0
SET-UP,22,14,5,2,5,16,6,1,0,0,0,1
SEE,22,16,10,6,10,10,6,4,0,0,0,0
MORE,22,6,4,3,8,19,11,1,0,0,0,0
A-LOT,22,17,15,4,1,12,5,5,0,0,0,0
JOIN,22,14,9,5,7,6,4,2,1,0,0,0
EATNIGHT,22,18,18,6,10,2,0,2,0,0,0,0
VOMIT/HATE,22,10,10,6,12,5,2,10,0,0,0,0
SOMETHING/ONE,22,10,13,7,4,10,4,6,1,0,0,0
(F)BELONG,22,9,10,5,3,18,5,5,0,0,0,0
GUARANTEE,21,19,9,5,11,3,2,3,0,0,0,0
HERE,21,13,7,13,4,8,7,3,0,0,0,0
NIGHT,21,13,8,8,4,7,13,2,0,0,0,0
PIZZA_4,21,20,11,9,8,7,3,1,0,0,0,0
OFTEN,21,14,8,12,11,12,4,4,0,0,0,0
CHEESE,20,3,8,8,1,3,2,1,0,0,0,0
FAVORITE/PREFER,20,19,12,16,12,2,2,1,0,0,0,0
TOILET,20,9,2,1,0,31,18,0,0,0,0,0
MANAGE/CONTROL,20,10,3,2,0,20,5,1,0,0,0,0
HEARING,20,13,2,9,5,12,11,2,0,0,0,0
ACCEPT,20,7,6,4,8,13,7,2,0,0,0,0
STAY,20,12,7,11,4,4,2,1,1,0,0,0
TRIP,20,12,7,9,9,1,3,1,0,0,0,0
TWO,20,10,7,9,11,8,2,1,1,0,0,0
fs-CREAM,19,3,6,8,1,3,2,2,0,0,0,0
HORSE,19,12,4,6,6,11,12,2,0,0,0,0
MOVIE,19,16,3,1,5,8,6,3,0,0,0,0
FEEL,19,12,6,5,5,13,0,2,0,0,1,0
alt.FIRE,19,10,4,3,11,0,3,2,0,0,0,0
(K)KITCHEN,19,12,4,0,8,4,6,2,0,1,0,0
NEW,19,12,3,8,9,1,1,0,0,0,0,0
GET,19,14,11,7,9,7,2,5,0,0,0,0
LEARN,18,7,3,4,0,15,13,1,0,0,1,0
LONG-AGO,18,19,5,6,4,8,3,1,0,0,0,0
EACHONE,18,16,6,10,14,0,2,2,0,2,0,0
DRESS/CLOTHES,18,17,9,2,6,3,6,0,0,0,0,0
DOG_2,18,13,6,5,9,3,1,5,0,0,0,0
ALSO,18,12,7,6,3,13,3,3,1,0,0,0
STORY,17,8,6,0,1,16,2,0,0,0,0,0
PLACE,17,5,2,2,0,18,10,1,1,0,0,0
ENJOY,17,16,2,6,8,6,1,1,0,0,0,0
ACTION,17,10,6,10,10,8,5,6,0,0,0,0
ACT,17,19,5,1,9,1,1,1,0,0,0,0
COMMUTE,17,8,9,9,10,1,0,0,0,0,0,0
BIG,17,14,3,9,10,3,3,5,0,0,0,0
SHOULD,17,10,10,11,3,2,1,3,0,0,1,0
TEST,17,20,4,3,10,4,0,3,0,0,0,0
INCLUDE/INVOLVE,17,8,2,6,7,4,1,1,0,0,0,0
fs-GRUNT,17,15,8,3,3,18,4,1,1,0,0,0
(Y)YESTERDAY,17,10,11,4,4,1,1,1,0,0,0,0
WIN,16,15,2,8,8,2,1,2,1,0,0,0
5whoa,16,15,3,7,4,8,5,1,0,0,0,0
HOUSE,16,11,6,9,5,2,3,1,0,0,0,0
QUOTE/TOPIC,16,10,6,9,4,7,3,4,0,0,0,0
VOICE-RANGE,16,19,3,1,1,27,4,1,0,0,0,0
REASON,16,14,3,2,4,15,6,3,0,0,0,0
HAPPY,16,8,5,9,3,3,5,0,0,0,0,0
PLAY-continuative,16,8,5,6,8,2,9,2,0,0,0,0
BOY,16,8,2,2,9,0,3,0,0,0,0,0
DOG,16,17,2,3,2,4,1,4,0,0,0,0
(P)PAY,16,4,11,3,2,3,2,1,0,0,0,0
(flat-O)PAY/SPEND,16,10,8,7,7,3,0,1,0,0,0,0
SELF-3p:i,16,16,15,4,2,5,1,3,0,0,0,0
DIRECT/EXPLAIN,16,6,10,4,6,4,0,1,0,0,0,0
DISCUSS,16,7,3,15,1,6,2,0,3,0,0,0
BORN,16,12,6,7,4,1,1,1,0,0,0,0
SOME,15,8,4,3,2,10,7,0,0,0,0,0
LOOK-OVER,15,4,3,2,5,16,3,2,0,0,0,0
WHICH,15,9,7,4,0,10,5,0,0,0,0,0
STILL,15,8,6,6,1,12,5,5,0,0,0,0
MEET,15,7,2,1,5,8,2,0,0,0,0,0
fs-PARK,15,9,3,4,8,1,8,2,0,0,0,0
YEAR,15,5,2,12,7,4,0,1,1,0,0,0
NEVER,15,11,8,7,5,3,1,3,0,0,0,0
PRESIDENT,15,8,5,2,6,4,4,1,0,0,0,0
INTERNET,15,11,5,10,8,1,0,0,0,0,0,0
VIDEO-GAME,15,14,7,6,9,2,2,4,0,0,0,0
(nd-1)MOVIE,15,16,6,3,6,0,0,2,0,0,0,0
VACATION,15,10,4,4,10,2,3,0,0,0,0,0
CHAT,15,12,3,5,9,1,2,0,0,0,0,0
WIFE,15,11,5,9,5,1,2,5,0,0,0,0
IDENTIFY,15,10,8,3,2,13,4,2,0,0,0,0
fs-SPEECH,15,6,11,2,2,2,0,8,0,0,0,0
ALWAYS,14,11,3,5,8,0,1,1,0,0,0,0
AUNT,14,13,6,2,7,2,2,0,0,0,0,0
CHOCOLATE,14,4,6,6,1,1,2,2,0,0,0,0
BEAUTIFUL,14,13,2,3,4,1,1,4,0,0,0,0
AREA,14,14,3,1,0,16,10,1,0,0,0,0
GROW-UP,14,8,7,2,7,7,5,2,0,0,0,0
COOPERATE/UNITE,14,0,2,0,4,11,8,0,0,0,0,0
GAME,14,16,5,2,2,5,6,1,0,0,0,0
CHILDREN,14,11,8,6,5,0,3,2,0,0,0,0
SMALL,14,15,7,4,2,1,6,2,0,0,0,0
SOON,14,13,6,8,9,2,2,5,0,0,0,0
FACE,14,13,9,4,3,2,2,1,0,0,0,0
PO,14,12,4,4,3,1,1,3,0,0,0,0
FARM,14,15,3,5,6,1,3,0,0,0,0,0
FRISBEE,14,8,4,6,4,1,0,0,0,0,0,0
STRANGE,14,12,7,4,2,2,1,7,0,0,0,0
fs-ORIENTATION,14,2,5,0,2,5,5,0,0,0,0,1
CORRECT,14,8,6,2,5,5,1,6,0,0,0,0
SORRY,14,9,7,7,12,3,0,1,0,0,0,0
MOVE,14,6,1,8,7,1,2,0,0,0,0,0
fs-CREAMCHEESE,14,4,12,18,0,0,2,0,0,0,0,0
FORGET-IT,13,13,5,9,8,2,2,1,0,1,0,0
BORE,13,12,1,4,4,3,3,0,0,0,0,0
SCREAM,13,15,8,2,5,15,10,8,0,0,0,0
OK,13,5,3,4,2,8,8,4,0,0,0,0
OR,13,10,6,4,5,6,2,0,0,0,0,0
WRONG,13,4,7,6,2,9,2,3,0,0,0,0
INFORM,13,8,11,4,4,11,6,1,0,0,0,0
QUIET,13,9,1,1,5,15,8,1,0,0,0,0
SWIM,13,8,5,6,7,3,5,1,0,1,0,0
CAMP,13,5,5,2,5,1,1,0,0,0,0,0
SCL:bent-U-Lperson walking,13,6,8,2,3,1,3,1,0,1,0,0
(G/Q)POSS-1p,13,11,4,4,4,1,4,0,0,0,0,0
HS,13,12,8,3,6,0,0,0,0,0,0,0
MOVIE_2,13,10,4,7,7,0,0,3,0,0,0,0
EVERY-YEAR,13,10,4,2,11,2,2,0,0,0,0,0
HEAR/LISTEN,13,10,10,3,3,1,0,0,0,0,0,0
BAD,13,11,8,3,5,2,1,2,1,0,0,0
PAST,13,12,7,2,3,2,2,4,0,0,0,0
HOT,13,15,2,1,1,3,2,4,0,0,0,0
(L)LIVE,13,4,6,4,6,2,2,3,0,0,0,0
ns-fs-JACK,13,6,4,2,1,4,2,1,0,0,0,0
MONEY,12,9,0,2,3,0,2,1,0,0,0,0
WEATHER,12,11,4,5,2,1,2,1,0,0,0,0
BECOME,12,10,1,5,2,1,1,3,0,0,0,0
IX-1p-pl-arc,12,8,7,5,5,5,4,0,0,0,0,0
DURING/WHILE,12,8,3,3,8,3,2,1,0,0,0,0
SAY,12,7,6,4,6,3,4,6,0,0,0,0
STOP,12,9,5,2,5,3,3,2,0,0,0,0
IDEA,12,1,4,3,1,8,2,0,0,0,0,0
5perplexed,12,4,5,0,1,4,3,4,0,0,0,0
PLAN,12,8,9,3,2,1,3,0,0,0,0,0
FISHING,12,10,2,3,5,0,1,2,0,0,0,0
VP,12,8,4,4,7,0,2,0,0,0,0,0
COLD,12,11,3,3,3,2,4,3,0,0,0,0
fs-RENT,12,5,10,2,1,2,2,0,0,0,0,0
SHIRT,12,6,3,4,6,2,1,1,0,0,0,0
MOVE-AWAY,12,8,3,3,4,1,2,0,0,0,0,0
ns-SD,12,8,3,3,4,1,2,0,0,0,0,0
SALE,12,11,6,2,3,0,4,0,0,0,0,0
UNDERSTAND,12,8,4,4,6,5,0,0,0,0,0,0
PIE,12,13,4,2,7,2,1,0,0,0,0,0
WARM,12,10,5,2,1,2,1,4,0,0,0,0
INTERCOURSEfs-UP,12,6,4,4,0,6,2,2,0,0,0,0
CHARACTER,12,4,3,1,4,13,3,1,0,0,0,0
KEY,12,4,7,3,3,2,0,2,0,0,0,0
REALLYWORK/BUSINESS,12,20,0,8,4,0,4,8,0,0,0,0
PAY/BUY,12,8,3,0,2,0,3,3,0,0,0,0
LAST,11,11,4,3,10,0,0,2,0,0,0,0
fs-RANGE,11,5,3,2,0,12,8,2,0,0,0,0
WATER,11,6,3,2,2,6,9,4,0,0,0,0
PHONE,11,8,5,4,1,10,1,0,0,0,0,0
LIBRARY,11,9,0,1,1,1,1,0,0,0,0,0
COURT,11,3,4,0,1,11,10,2,0,0,0,0
(Y)WOW,11,5,7,2,4,2,1,3,0,0,0,0
AGAIN,11,6,1,2,1,4,6,0,0,0,0,0
LIVE,11,5,1,2,1,11,3,1,0,0,0,0
ns-fs-OBAMA,11,10,2,6,2,5,2,0,0,0,0,0
DCL:crvd-5group go together,11,7,2,4,3,0,2,2,0,0,0,0
EXPERT,11,9,6,3,13,0,0,1,0,0,0,0
(5)WEATHER,11,8,7,1,5,1,0,2,1,0,0,0
PLAID,11,5,3,5,7,2,0,2,0,0,0,0
WEDDING,11,9,4,2,9,1,0,1,0,0,0,0
DRUNK,11,8,1,3,4,0,0,0,0,0,0,0
MOW,11,9,4,3,4,0,2,1,0,0,0,0
ONLY,11,9,6,2,1,2,2,0,0,0,0,0
IX-honorific:i,11,8,7,2,4,2,0,4,0,0,0,0
DIFFERENT-arc,11,7,4,3,2,0,0,0,0,0,0,0
AMONG_2,11,5,4,1,2,6,3,1,0,0,0,0
LAUGH,11,9,8,3,0,12,1,2,0,0,0,0
COUGH,11,11,4,2,3,1,2,1,0,0,0,0
WORD,10,8,5,9,14,4,2,2,0,0,0,0
WRITE,10,4,4,4,4,3,1,1,0,0,0,0
YES,10,8,3,4,2,1,2,3,0,0,0,0
UP-TO-NOW,10,5,1,2,5,4,2,5,0,0,0,0
SIGN,10,10,3,2,1,5,2,1,1,0,0,0
LOUD,10,3,1,0,0,10,6,1,0,0,0,0
OLD,10,10,3,5,2,1,2,2,0,1,0,0
ALL,10,14,2,6,3,3,0,0,0,0,0,0
5exasperation,10,2,8,8,4,3,2,2,0,0,0,0
GIRLFRIEND,10,10,2,2,4,6,4,0,0,0,0,0
COMMUNICATE,10,4,2,5,9,7,4,0,0,0,0,0
ALL-NIGHT,10,7,4,9,3,0,1,2,0,0,0,0
SCL:crvd-5group go together,10,11,7,3,6,0,0,0,0,0,0,0
MATCH,10,7,0,1,7,7,0,0,0,0,0,0
MISS/ASSUME,10,7,8,1,6,0,0,2,1,0,0,0
ASK,10,4,8,2,4,2,0,1,0,0,0,0
READY,10,9,2,4,5,0,5,0,0,0,0,0
SHORTS,10,7,4,1,1,1,2,1,0,0,0,0
BABY,10,11,2,4,4,2,0,1,0,0,0,0
BOX/ROOM,10,9,3,1,1,1,3,1,0,0,0,0
(R)FLOWER,10,11,1,1,2,2,0,1,0,0,0,0
EVERYDAY,10,9,3,4,6,1,0,0,0,0,0,0
fs-EVEN,10,5,2,1,1,4,2,1,0,0,0,0
SPEECH/ORAL,10,9,8,7,1,0,0,3,0,0,0,0
GIFT,10,4,5,2,4,1,1,1,0,0,0,0
MAJOR,10,3,6,0,1,2,0,0,0,0,0,0
HEARNOISE,10,8,0,0,4,8,8,2,0,0,0,0
FUNNY,10,8,2,1,3,5,0,3,0,0,0,0
DCL:Mhumming,10,4,8,1,2,5,0,6,0,0,0,0
FAIL,9,6,3,2,2,2,1,2,0,0,0,0
LOUSY,9,8,3,1,2,0,1,5,0,0,0,0
THROUGH,9,3,1,1,2,6,2,0,0,0,0,0
SITUATION,9,5,0,0,1,14,4,1,0,0,0,0
FIRST-IN-LIST,9,11,4,2,3,1,2,0,0,0,0,0
ALLOW,9,3,0,0,2,8,4,0,0,0,0,0
MOTHERwg,9,4,3,5,6,0,2,0,0,0,0,0
BEFORE_2,9,5,3,2,1,2,2,1,0,0,0,0
CONTINUE,9,7,5,5,4,1,0,2,0,0,0,0
HOW-MANY,9,5,9,3,5,0,2,0,0,0,0,0
FINEwg,9,6,3,3,6,0,1,0,0,0,0,0
BQQ,9,6,4,3,4,1,2,0,0,0,0,0
DANCE,9,6,3,3,8,0,0,2,0,0,0,0
(5)CRASH,9,7,4,3,2,0,1,1,0,0,0,0
DINNER,9,5,3,3,3,1,0,2,0,0,0,0
SEND,9,6,2,3,4,0,0,3,0,0,0,0
LETTER/MAIL,9,7,2,1,2,1,1,2,0,0,0,0
LIST-ORDER,9,0,0,2,1,9,2,1,0,0,0,0
BELOW_2,9,2,6,0,2,3,2,2,0,0,0,0
alt.LOOK-OVER,9,7,8,2,2,7,2,1,0,0,0,0
WORLD,9,1,1,1,0,7,5,1,0,0,0,0
HIGH,9,9,2,2,2,1,5,1,1,0,0,0
IX-3p:k,9,5,3,1,2,6,4,0,0,0,0,0
BETTER,9,6,2,9,7,1,4,2,0,0,0,0
SHOE,9,7,2,4,0,2,1,1,0,0,0,0
TOGETHER/GO-STEADY,9,6,0,4,2,0,1,0,0,0,0,0
SEEM,9,6,7,8,3,1,1,2,1,0,0,0
INHALE,9,17,2,0,0,1,6,0,0,0,0,0
FLOWER,8,2,3,4,0,0,1,0,0,0,0,0
DO,8,5,5,1,1,6,1,2,0,0,0,0
i:SAME-1p,8,1,2,5,2,1,2,2,0,0,0,0
VEGETABLE,8,10,3,5,1,0,1,2,0,0,0,0
fs-LOX,8,1,3,5,0,2,0,0,0,0,0,0
POSS-3p-pl-arc,8,5,4,2,1,1,0,1,0,0,0,0
AROUND,8,4,2,4,0,3,1,0,0,0,0,0
(B-L)BECAUSE,8,3,2,1,4,12,5,3,0,0,0,0
PROGRESS,8,4,0,5,0,5,3,0,0,0,0,0
OUT,8,8,2,0,0,9,4,0,0,0,0,0
HOPE,8,4,1,0,0,4,2,0,0,0,0,0
SECOND-IN-LIST,8,9,2,3,3,1,1,0,0,0,0,0
NEXT-TO,8,3,3,1,9,3,1,3,0,0,0,0
TWENTY,8,8,1,3,7,1,2,1,0,0,0,0
ALL_2,8,5,1,2,2,3,3,1,0,0,0,0
LOOK:i,8,6,3,2,3,2,1,1,0,0,0,0
GRAB-CHANCE,8,6,2,4,3,1,1,5,0,0,0,0
COME,8,8,6,2,3,0,0,1,0,0,0,0
STAY_2,8,7,1,1,0,0,1,0,0,0,0,0
WINDOW,8,7,5,0,0,0,0,1,1,0,0,0
GRADUATE,8,5,4,1,2,0,0,0,0,0,0,0
THRILL/WHAT'S-UP,8,3,1,3,2,1,2,0,0,0,0,0
KNOW-THAT,8,4,4,4,3,3,0,1,0,0,0,0
ALL-DAY,8,8,1,0,6,0,0,1,0,0,0,0
TIRED,8,6,2,6,4,2,0,0,1,0,0,0
5I don't know,8,6,3,2,4,3,0,1,0,0,0,0
ns-fs-DONNA,8,7,1,2,5,1,1,0,0,0,0,0
INVITE/HIRE,8,7,3,0,2,0,0,0,0,0,0,0
SURF-INTERNET,8,8,5,6,7,0,0,0,0,0,0,0
THING,8,3,3,5,4,5,4,0,0,0,0,0
VARY,8,5,3,6,3,3,1,0,0,0,0,0
FAST_3,8,5,1,1,1,6,1,0,0,0,0,0
CLOSE-DOOR,8,8,1,0,2,2,1,0,0,0,0,0
NORMAL,8,3,3,2,0,5,1,1,0,0,0,0
ATTENTION-WAVE,8,3,4,3,5,2,0,2,0,0,1,0
FOCUS/NARROW,8,2,1,1,0,6,2,0,0,0,0,0
alt.SEE,8,2,0,0,0,14,8,1,0,0,0,0
HAIR_2DYE,8,4,0,0,2,0,0,0,0,0,0,0
fs-DISORDER,8,5,3,0,1,6,0,0,0,0,0,0
5hesitation,8,1,1,2,2,3,2,0,0,0,0,0
PING-PONG/TENNIS,8,7,0,0,2,8,2,0,0,0,0,0
VOTE,8,7,2,5,1,2,1,3,0,0,0,0
HOSPITAL,8,4,4,6,3,0,0,2,0,0,0,0
NEXT-WEEK,8,8,1,0,1,0,0,3,0,0,0,0
LANGUAGE,8,5,1,4,3,1,1,0,0,0,0,0
BLUEfs-BERRY,8,8,4,2,8,2,2,0,0,0,0,0
THREE,8,5,4,3,2,2,0,2,0,0,0,0
CAT,8,7,4,2,1,1,0,1,0,0,0,0
(25)WHYNOT,8,4,4,10,6,0,0,0,0,0,0,0
ANYTHING,8,2,0,6,0,4,0,0,0,0,0,0
ANGRY,7,0,0,1,1,6,0,0,0,0,0,0
5you know,7,7,4,3,0,1,2,1,0,0,0,0
(5)WOMAN,7,2,1,1,1,6,2,0,0,0,0,0
COLLEGE,7,7,4,2,0,5,3,0,0,0,0,0
TELL:i,7,2,2,2,0,3,3,3,0,0,0,0
RUN,7,9,1,0,0,11,3,2,0,0,0,0
LONG-LIST,7,2,2,0,0,7,3,2,0,0,0,0
TRANSFER,7,5,0,2,3,2,1,0,0,0,0,0
ns-fs-BILL,7,1,1,3,2,2,2,0,0,0,0,0
PUT-AWAY,7,5,3,3,1,0,2,2,0,0,0,0
TOGETHER/GO-STEADY_2,7,3,1,1,2,0,4,0,0,0,0,0
DCL:crvd-Bsmall puppies,7,6,1,2,1,2,1,0,0,0,0,0
DOLLAR_2,7,6,0,1,4,2,1,0,0,0,0,0
MILK,7,4,4,2,1,1,2,0,0,0,0,0
ORDER,7,3,1,6,1,6,2,0,0,0,0,0
DYE,7,5,2,2,1,1,3,0,0,0,0,0
HAIR,7,4,3,1,3,0,2,0,0,0,0,0
ns-FRANCE,7,3,0,0,2,2,3,2,0,0,0,0
KING,7,2,0,0,1,2,4,3,0,0,0,0
ROWING,7,2,3,2,6,0,0,2,0,0,0,0
LAPTOP,7,3,1,3,1,1,0,0,0,0,0,0
TYPE,7,3,1,4,1,1,0,0,0,0,0,0
LATE,7,4,3,2,2,0,0,1,0,0,0,0
BOSS,7,3,1,4,1,1,2,1,0,0,0,0
SIT,7,5,2,1,1,2,0,3,0,0,0,0
LETTER/MAIL_2,7,5,4,1,2,3,2,0,0,0,0,0
HARD,7,6,5,3,2,2,0,1,0,0,0,0
BIRTHDAY,7,7,1,0,6,1,1,1,0,0,0,0
(5)ACCIDENT,7,8,3,5,1,1,0,0,0,0,0,0
APPLAUSE,7,7,4,1,5,0,1,1,0,0,0,0
BIRTHDAY_3,7,2,5,1,1,1,2,1,0,0,0,0
LIE-DOWN,7,5,1,1,4,1,1,0,0,0,0,0
HUSBAND,7,3,1,4,3,1,0,2,0,0,0,0
INTRODUCE,7,5,1,5,4,1,0,0,0,0,0,0
PICK/CHOOSE,7,9,5,6,4,3,2,0,0,0,0,0
ALONE,7,4,6,3,0,1,0,2,0,0,0,0
WARN,7,2,1,0,0,7,4,0,0,0,0,0
5umm,7,0,1,3,2,7,4,0,0,0,0,0
IX-loc:k,7,6,3,1,2,4,3,1,0,0,0,0
TAKE,7,1,2,4,7,2,0,0,0,0,0,0
BPCL:1voice loop from mouth to ear,7,6,0,0,5,14,2,0,0,0,0,0
GONE,7,4,2,3,1,3,0,0,0,0,0,0
MISMATCH,7,9,1,1,6,11,1,2,0,0,0,0
SPECIAL/EXCEPT,7,9,2,3,3,3,1,0,0,0,0,0
LECTURE,7,4,6,3,2,4,1,3,0,0,0,0
BROTHER,7,5,3,4,4,0,0,0,0,0,0,0
LIE,7,4,3,2,0,0,1,2,0,0,0,0
SEVEN,7,3,4,4,3,1,0,0,1,0,0,0
UNCLE,7,7,3,4,1,1,1,1,0,0,0,0
SIX,7,3,0,2,1,1,1,1,0,0,0,0
DRY-CEREAL,7,1,3,3,0,0,0,0,0,0,0,0
EARLY_2,7,5,2,4,6,0,0,0,0,0,0,0
TOOTH/GLASS,7,13,2,5,7,0,2,3,0,0,0,0
fs-LOTTERY,6,6,1,1,6,0,0,0,1,0,0,0
(5)SOCIAL/INTERACT,6,3,2,1,1,2,0,0,0,0,0,0
UMBRELLA,6,5,0,0,1,0,0,0,0,0,0,0
QUIZ,6,5,0,4,4,0,0,0,0,0,0,0
VEGETABLEAGENT,6,6,2,0,0,0,0,0,0,0,0,0
fs-AT,6,7,2,3,4,3,4,1,0,0,0,0
LATER_2,6,5,1,1,2,1,1,0,0,0,0,0
MUSIC,6,2,3,1,5,3,2,1,0,1,0,0
SOMETIMES,6,3,0,0,0,6,3,0,0,0,0,0
FINE_2,6,6,1,1,1,7,2,1,0,0,0,0
IX-loc-pl-arc,6,4,5,3,3,6,4,3,0,0,0,0
NOISERUMBLE,6,8,0,0,0,14,4,0,0,0,0,0
POINT,6,5,1,0,0,8,3,0,0,0,0,0
DCL:5hair dyed all over,6,4,1,2,1,1,3,0,0,0,0,0
ROOMMATE,6,3,3,2,1,0,2,2,1,0,0,0
COOKIE,6,4,1,1,1,2,3,1,0,0,0,0
UPSET,6,2,3,2,1,0,2,1,0,0,0,0
TV,6,4,4,3,4,2,0,0,0,0,0,0
FINALLY_2,6,6,1,2,3,0,1,3,0,0,1,0
SKI,6,3,2,0,1,2,4,1,0,0,0,0
BALD,6,4,1,0,2,2,3,2,0,0,0,0
FISH,6,8,4,3,4,0,0,0,0,0,0,0
FACESAME,6,4,2,0,0,2,0,2,0,0,0,0
PASS-OUT_2,6,4,1,3,1,2,0,0,0,0,0,0
fs-BRIDE,6,6,3,0,7,0,0,0,0,0,0,0
fs-GROOM,6,6,3,0,7,0,0,0,0,0,0,0
HONEST,6,5,2,3,4,0,0,0,0,0,1,0
ns-fs-JESSICA,6,5,1,2,4,1,1,0,0,0,0,0
GIRLCORRECT,6,8,2,0,4,0,2,2,0,0,0,0
HEADBAND,6,1,5,1,2,1,2,0,0,0,0,0
GRASS,6,6,1,2,0,0,1,1,0,0,0,0
BLUEBERRY,6,8,2,2,2,0,0,0,0,0,0,0
BBQ,6,2,4,3,1,0,0,2,0,0,0,0
IX-pl-2:i/j,6,4,1,3,1,0,0,1,0,0,0,0
WIDE,6,8,0,0,0,1,0,4,0,0,0,0
WONDERFUL,6,5,3,1,2,0,1,0,0,0,0,0
STARBOMB,6,0,4,2,0,0,0,0,0,0,0,0
SLOW,6,5,2,0,0,8,0,0,0,0,0,0
REQUIRE,6,5,0,0,0,2,0,0,0,0,0,0
IMPORTANT,6,3,4,0,4,1,1,1,0,0,0,0
AFRAID,6,3,1,3,2,2,0,4,0,0,0,0
ABOVE,6,1,0,1,1,8,2,0,0,0,0,0
ALMOST,6,1,2,5,1,1,0,0,0,0,0,0
fs-SENSORY,6,0,4,0,0,4,4,3,0,0,0,0
fs-TRUCK,6,5,3,2,3,0,0,0,0,0,0,0
fs-PUPPIES,6,9,1,2,2,0,0,1,0,0,0,0
(nd-3)THIRD-IN-LIST,6,8,3,2,2,0,0,0,0,0,0,0
QUALITY,6,5,0,0,0,6,1,0,0,0,0,0
FAST,6,4,4,3,1,0,1,0,0,0,0,0
CONCEPT,6,2,2,0,1,8,1,1,0,0,0,0
ns-NEW-YORK,6,1,0,3,2,2,3,0,0,0,0,0
ANYWAY/NOT-MATTER,6,4,4,4,2,0,5,1,0,0,0,0
BLACK,6,5,4,2,0,2,2,0,0,0,0,0
GROW,6,2,0,0,0,5,0,0,0,0,0,0
PASS,6,4,3,1,2,0,0,1,0,0,0,0
SUNBATHE,6,4,2,0,4,2,0,0,0,0,0,0
LEAVE,6,3,3,1,3,0,0,0,0,0,0,0
JOB,6,3,2,6,2,0,0,2,0,0,0,0
NOT-MIND,6,3,6,2,0,1,3,3,0,0,0,0
NONE/NOTHINGONE,6,2,2,4,0,0,4,0,0,0,0,0
BUTTER,6,3,4,0,0,3,4,4,0,0,0,0
SERVICE,6,4,5,1,0,3,2,3,0,0,0,0
ANYONE,6,4,4,2,0,2,0,0,0,0,0,0
BRING,6,5,3,4,3,2,1,0,0,0,0,0
IMPOSSIBLE,5,4,0,1,3,2,0,1,0,0,0,0
HIT,5,1,0,3,3,0,0,0,1,0,0,0
FOR-FOR,5,0,1,3,1,0,0,2,0,0,0,0
fs-CEREAL,5,2,3,2,1,1,0,2,0,0,0,0
SAFE,5,3,0,1,0,2,1,0,0,0,0,0
BETWEEN/SHARE,5,1,2,1,0,2,2,1,0,0,0,0
POLITE,5,1,1,0,0,4,1,0,0,0,0,0
NOTICE,5,7,1,1,3,4,0,2,0,0,0,0
PLUS,5,3,1,2,3,4,4,0,0,0,0,0
BRAVE/RECOVER,5,3,3,0,4,6,4,0,0,0,0,0
5surprised,5,0,1,0,4,6,2,0,0,0,0,0
(A)SELF-1p,5,2,0,1,2,6,2,1,0,0,0,0
LESS,5,1,3,0,1,6,3,2,0,0,0,0
PERMIT,5,5,1,0,0,8,3,1,0,0,0,0
ICL:F/9flip pages,5,3,0,0,0,2,6,0,0,0,0,0
CLEAR,5,3,1,2,1,2,0,0,0,0,0,0
PUT,5,2,4,2,2,2,2,0,0,0,0,0
CROWDED,5,4,2,3,3,1,1,2,0,0,0,0
5out of my control,5,2,3,2,1,1,1,1,0,0,0,0
ANY,5,3,2,0,2,4,2,0,0,0,0,0
ns-CHICAGO,5,3,2,1,0,0,2,1,0,0,0,0
LAUGH-HARD,5,6,0,0,1,8,0,0,0,0,0,0
EASY,5,3,1,1,2,1,0,0,0,0,0,0
DCLround flat,5,4,5,2,2,1,0,1,0,1,0,0
(crvd-5)POSS-1p,5,6,3,1,0,1,1,0,0,0,0,0
FIREWORKS,5,6,2,1,4,0,0,0,0,0,0,0
(1)SEND,5,1,4,2,1,1,1,0,0,0,0,0
HEADBAND_2,5,5,0,0,5,1,1,1,0,0,0,0
REMEMBER,5,6,2,3,4,0,0,0,0,0,0,0
LOOK-FORWARD,5,4,1,3,4,0,0,0,0,0,0,0
IX-1p-pl-2:i,5,6,1,1,2,0,0,0,1,0,0,0
FIRST,5,4,3,3,10,1,0,0,0,0,0,0
A-OK,5,5,2,1,2,1,0,4,0,0,0,0
USE-SIGN-LANGUAGE,5,7,4,8,2,0,0,0,1,0,0,0
SWEETHEART,5,5,1,1,0,1,0,0,0,0,0,0
SUNSHINE,5,5,0,0,2,2,2,0,0,0,0,0
j:GIVE:i,5,7,2,0,2,1,0,0,0,0,0,0
EVERY-MONTH/RENT,5,0,3,1,1,0,0,1,0,0,0,0
COMPETITION,5,7,2,4,1,2,0,0,0,0,0,0
EXPENSIVE_2,5,6,4,3,2,0,1,0,0,0,0,0
PAPER,5,4,0,0,0,6,1,1,0,0,0,0
THEN,5,2,1,3,3,2,1,0,0,0,0,0
fs-BY,5,2,3,0,1,7,4,0,0,0,0,0
DROP,5,6,0,0,1,2,0,1,0,0,0,0
RANGE,5,0,0,0,0,5,7,0,0,0,0,0
5you see,5,3,3,4,1,2,2,0,0,0,0,0
FATHERwg,5,3,4,1,3,0,1,0,0,0,0,0
SCL:3person walking,5,1,1,1,2,1,1,0,0,0,0,0
fs-BONFIRE,5,2,1,0,5,0,1,0,0,0,0,0
fs-NASAL,5,5,3,0,2,0,1,0,0,0,0,0
THAN,5,3,1,3,2,3,0,0,1,0,0,0
EXPRESS,5,1,0,1,1,1,0,0,0,0,0,0
EQUAL,5,2,2,6,2,1,0,0,0,0,0,0
FAMOUS,5,2,1,0,2,1,1,0,0,0,0,0
USE,5,1,2,0,0,2,1,0,0,0,0,0
fs-SO,5,0,1,0,3,2,0,0,0,0,0,0
ADULT-TALL,5,4,2,2,1,2,0,1,0,0,0,0
5looking for words,5,4,3,3,3,4,0,0,0,0,0,0
LOOK-UP,5,1,2,1,1,2,0,0,0,0,0,0
SHORT-HEIGHT,5,3,1,0,4,1,1,1,0,0,0,0
fs-EXCESS,5,2,3,2,0,7,1,1,0,0,0,0
DEEP,5,6,6,6,0,1,0,3,3,0,0,0
GESTURE,5,2,8,5,0,3,0,3,0,0,0,0
LIST,5,5,1,2,1,5,3,0,0,0,0,0
(D)DOCTOR,5,4,2,5,6,0,0,1,0,0,0,0
RED,5,5,1,3,1,0,0,1,0,0,0,0
WAIT,5,4,3,1,3,0,0,2,0,0,0,0
TABLE,5,1,3,0,1,1,0,3,0,0,0,0
MAGAZINE,5,4,0,1,0,0,1,0,0,0,0,0
BIG_2,5,3,4,1,1,1,0,1,0,0,0,0
ns-fs-SUE,5,1,1,2,0,1,2,0,0,0,0,0
TELL:j,5,4,4,2,0,0,3,2,0,0,0,0
READ_2,5,4,1,2,1,1,1,0,0,0,0,0
SUPERIOR,5,3,0,0,0,11,6,1,0,0,0,0
FIREWORKS_2,5,7,2,0,0,1,0,0,0,0,0,0
TASTE,5,2,3,1,0,0,0,2,0,0,0,0
ns-ROCHESTER,5,1,1,2,6,0,0,0,0,0,0,0
fs-MENTOR,5,6,4,3,6,1,2,1,0,0,0,0
BELIEVE,5,3,1,0,1,1,1,1,0,0,0,0
TURKEY,5,2,3,0,0,1,0,0,0,0,0,0
NEAR,4,3,1,3,2,0,0,0,0,0,0,0
HUNGRY/WISH,4,2,1,2,1,0,0,1,0,0,0,0
RELATIONSHIP-OFF,4,2,2,3,1,1,0,0,0,0,0,0
fs-BAGEL,4,4,1,3,0,1,4,1,0,0,0,0
fs-CODA,4,1,1,1,0,3,2,0,0,0,0,0
MINUTE,4,4,5,2,3,2,0,0,0,0,0,0
DCL:5emit waste,4,3,1,1,0,6,3,0,0,0,0,0
alt.SCREAM,4,2,2,0,0,8,5,2,0,0,0,0
BETWEEN/SHARE-arc,4,0,0,0,0,8,2,0,0,0,0,0
fs-TESTIMONIES,4,0,0,0,0,3,0,0,0,0,0,0
DISGUST,4,2,1,2,0,0,1,1,0,0,1,0
TELL,4,4,3,1,0,4,4,0,0,0,0,0
TELL-1p,4,4,3,2,1,2,4,2,0,0,0,0
(crvd-5)BASKETBALL,4,4,2,1,0,6,3,1,0,0,0,0
DCL:1point and shoot,4,0,0,0,0,4,10,3,0,0,0,0
DCL:crvd-5reach into bucket of popcorn,4,4,1,0,0,4,9,0,0,0,0,0
NOTMUST,4,0,0,0,0,2,2,0,0,0,0,0
FOOTBALL,4,1,2,0,0,2,4,5,0,0,0,0
Scheering,4,0,4,0,0,4,6,6,0,0,0,0
CHANGE,4,2,0,5,2,2,0,0,0,0,0,0
POSS-3p:j,4,2,1,1,1,3,0,0,0,0,0,0
APPLY,4,2,1,0,1,3,0,0,0,0,0,0
SHH,4,4,2,0,1,4,5,2,0,0,0,0
THINKHOPE,4,4,0,0,0,8,2,0,0,0,0,0
MARRY,4,1,0,1,1,2,1,0,0,0,0,0
i:HELP-1p,4,2,0,0,2,2,2,0,0,0,0,0
SUCCEED,4,4,1,2,2,1,1,0,0,0,0,0
POSS-1p-pl,4,2,2,1,2,2,2,0,0,0,0,0
COMPARE,4,6,1,2,8,0,0,0,0,0,0,0
fs-LAKE,4,6,3,2,8,0,0,0,0,0,0,0
BOYSCOUT,4,4,4,4,6,0,0,2,0,0,0,0
TREE,4,0,4,2,2,0,0,0,0,0,0,0
ALARM,4,3,1,0,1,0,0,1,0,0,0,0
DELICIOUS,4,4,2,3,2,0,0,0,0,0,0,0
PAPER-CHECK/CARD,4,4,0,1,4,1,0,0,0,0,0,0
THANK-YOU,4,3,1,0,3,0,0,1,0,0,0,0
5no more,4,2,2,3,2,0,0,1,0,1,0,0
THIRTY_2,4,3,1,2,1,1,0,1,0,0,0,0
ns-fs-MAC,4,6,0,2,2,0,0,0,0,0,0,0
SLEEP,4,2,0,1,0,1,0,1,0,0,0,0
MORNING,4,1,0,0,3,0,0,0,1,0,0,0
ASL,4,4,2,3,4,0,0,0,0,0,0,0
TEXTING_3,4,4,2,3,1,0,2,0,0,0,0,0
MONSTER,4,4,1,4,2,0,0,0,0,0,0,0
i:GIVE-indef,4,5,0,1,1,1,0,0,0,0,0,0
DIRECT,4,3,1,1,1,1,0,1,0,0,0,0
5not a big deal,4,3,2,2,1,5,1,2,0,0,0,0
SCL:3person passed out,4,3,1,2,5,0,0,0,0,0,0,0
NOMORE,4,4,2,0,2,2,0,0,0,0,0,0
CALL-BY-PHONE,4,3,1,1,2,1,0,0,0,0,0,0
NOTHING,4,6,1,0,2,0,0,0,0,0,0,0
HELP,4,1,4,1,1,2,1,0,0,0,0,0
TAN,4,3,1,1,2,1,1,0,0,0,0,0
ns-FLA,4,8,0,1,2,0,2,0,0,0,0,0
WATERDCL:crvd-Lwater tubing,4,2,0,2,0,0,0,0,0,0,0,0
SKILL,4,3,1,2,1,1,0,1,0,0,0,0
(Y)DRINK,4,3,3,2,2,0,0,0,0,0,0,0
CLEVER,4,4,2,1,0,4,0,0,0,0,0,0
ADVISE/INFLUENCE,4,2,0,4,0,0,0,0,0,0,0,0
ANSWER,4,4,2,3,3,1,0,1,0,0,0,0
VOLUNTEER/SHIRT,4,3,2,4,1,2,0,0,0,0,0,0
REGULAR,4,2,0,1,0,3,0,0,0,0,0,0
WORK-OUT,4,1,2,0,1,4,0,0,0,0,0,0
OVER/AFTER,4,4,2,3,3,3,0,0,0,0,0,0
TAKE-BREAK,4,3,1,1,1,0,2,2,0,0,0,0
fs-AUDIOVOCAL,4,1,1,0,0,3,4,0,0,0,0,0
IX-loc-line,4,2,2,0,0,7,5,1,0,0,0,0
POLITICS,4,2,3,2,0,4,4,2,1,0,0,0
WONDER,4,2,0,1,1,0,0,0,0,0,0,0
GAS,4,4,2,2,0,0,0,1,0,1,0,0
FINISH-shake,4,4,0,0,1,0,1,1,0,0,0,0
MAKEREALLY,4,4,2,0,2,0,0,0,0,0,0,0
fs-TOO,4,1,4,2,3,2,1,0,0,0,0,0
HEARRUMBLE,4,8,2,0,4,0,0,0,0,0,0,0
DEVELOP,4,3,0,5,4,0,2,0,0,0,0,0
MESSED-UP,4,1,5,2,3,3,0,1,0,0,0,0
ANALYZE_3,4,0,4,0,0,1,0,1,0,0,0,0
HEAVY,4,2,0,0,1,5,1,1,0,0,0,0
5let's see,4,0,0,0,1,2,0,0,0,0,0,0
AGREE,4,3,1,2,0,0,0,0,0,0,0,0
SYSTEM,4,0,0,1,0,3,0,0,0,0,0,0
ADD-TO,4,5,2,0,0,1,0,0,0,0,0,0
SEARCH-FOR,4,1,0,1,1,2,0,0,0,0,0,0
(nd-2)FIRST-IN-LIST,4,3,2,1,0,0,0,0,0,0,0,0
BPCL:bent-Bgradually increasing voice,4,6,2,0,2,4,3,1,0,0,0,0
fs-LOCKERBOX/ROOM,4,2,2,0,2,4,2,0,0,0,0,0
IMAGINE,4,3,0,1,1,3,0,0,0,0,0,0
5dismissive gesture,4,3,3,7,1,1,0,1,1,0,0,0
VOICE_2,4,1,2,1,0,2,0,0,0,0,0,0
TEACH,4,3,2,1,1,1,0,0,0,0,0,0
AVERAGE/RANGE,4,0,2,2,0,1,2,0,0,0,0,0
(1)RANGE,4,6,2,2,2,0,1,1,0,0,0,0
SON,4,3,1,1,1,0,0,0,0,0,0,0
i:TELL-1p,4,3,2,3,0,0,1,1,0,0,0,0
fs-DAY,4,3,0,0,0,0,1,0,0,0,0,0
BUTTER_2,4,2,2,2,2,0,0,1,0,0,0,0
DRINK,4,2,1,0,0,0,1,1,0,0,0,0
WANT_3,4,1,1,0,2,0,0,0,0,0,0,0
EVERYONE,4,2,0,2,4,2,0,2,0,0,0,0
ANSWERAGENT,4,0,0,2,0,0,4,2,0,0,0,0
LEARNAGENT,4,4,0,0,2,0,0,0,0,0,0,0
NONE,4,4,0,0,1,0,0,0,0,0,0,0
fs-AUDIO,4,0,2,0,0,0,1,0,0,0,0,0
fs-VOCAL,4,0,2,0,0,0,1,0,0,0,0,0
INSTITUTE,4,0,0,1,0,1,1,0,0,0,0,0
WATCH-TV,4,6,2,1,3,0,0,0,0,0,0,0
CARE,4,3,1,3,1,2,2,1,0,0,0,0
NUT,4,0,5,0,1,3,0,3,0,0,0,0
THIS,4,2,2,2,0,0,0,0,0,0,0,0
CITY/COMMUNITY_3,4,2,3,0,0,0,0,1,1,0,0,0
BRACELET,4,6,5,5,3,0,0,0,0,0,0,0
ICE-CREAM,4,2,0,0,0,0,0,4,0,0,0,0
ONEHUNDRED,4,4,0,2,2,2,0,0,0,0,0,0
SICK-OF,4,3,3,2,1,0,0,0,0,0,0,0
WATERTUBING,4,6,2,2,4,0,0,0,0,0,0,0
EMPTY/EARLYMOST,4,2,4,0,2,2,0,0,0,0,0,0
FIND/FIND-OUTOUT,4,0,0,8,6,0,0,0,0,0,0,0
fs-CREAMfs-CHEESE,4,2,2,4,2,0,2,2,0,0,0,0
NOWNIGHT,4,4,0,0,0,0,0,2,0,0,0,0
TRY,4,3,3,2,2,2,1,3,0,0,0,0
ROAD,4,3,1,0,0,1,0,0,0,0,0,0
VERY,4,4,2,3,1,0,0,1,0,0,0,0
HAIRDYE,4,2,0,0,2,0,0,0,0,0,0,0
INFORM:i,4,1,2,4,3,0,0,0,0,0,0,0
fs-HIT,4,2,2,0,6,0,0,1,0,0,0,0
GRIEF,4,2,2,5,0,1,0,0,0,0,0,0
WATERDCL:L-Xtube skipping on water,4,4,4,2,4,0,2,0,0,0,0,0
(1)GUILTY,4,3,0,0,0,0,1,3,0,0,0,0
SEMESTER,3,3,1,2,2,0,0,1,0,0,0,0
fs-POP,3,1,0,2,2,0,0,0,0,0,0,0
SICK/SILLY,3,1,1,2,3,0,0,0,0,0,0,0
SO-SO,3,1,1,0,0,5,2,0,0,0,0,0
EACH,3,1,0,0,0,3,1,0,0,0,0,0
ABOVE_3,3,0,0,0,0,3,2,0,0,0,0,0
PISS-OFF,3,0,0,0,0,4,3,0,0,0,0,0
LEAVE-THERE,3,0,2,1,0,2,1,1,0,0,0,0
DCL:crvd-Babove the voice range,3,4,0,0,1,7,0,0,0,0,0,0
FULL,3,2,1,1,0,2,0,0,0,0,0,0
DCL:5extremely embarrassed,3,0,1,0,0,5,2,0,0,0,0,0
CARRY,3,0,1,0,0,4,0,0,0,0,0,0
fs-NOISE,3,1,2,0,0,6,4,0,0,0,0,0
THAT:j,3,1,2,1,0,3,1,0,0,0,0,0
ns-GALLAUDET,3,6,1,2,1,3,3,0,0,0,0,0
fs-BUBBLES,3,0,0,0,0,3,0,0,0,0,0,0
fs-SOUND,3,0,0,0,0,2,0,0,0,0,0,0
SELF-3p:j,3,2,1,0,2,1,2,0,0,0,0,0
fs-FIELD,3,1,1,0,2,0,1,3,0,0,0,0
KNOW-NOTHING,3,4,1,0,1,1,1,0,0,0,0,0
RULE,3,3,0,0,0,4,2,0,0,0,0,0
5pause,3,2,0,0,0,3,0,0,0,0,0,0
FROM-NOW-ON,3,1,0,1,2,1,0,0,0,0,0,0
FOLLOW,3,2,1,1,0,0,0,0,0,0,0,0
COOK/KITCHEN,3,2,1,1,1,1,0,0,0,0,0,0
ORANGE,3,2,1,1,0,0,1,0,0,0,0,0
fs-MALL,3,3,2,1,1,0,0,0,0,0,0,0
5resignation,3,1,0,1,0,0,0,0,0,0,0,0
ns-PHILADELPHIA,3,2,2,3,0,0,0,0,0,0,0,0
5hey,3,0,3,3,1,0,0,0,0,0,0,0
REMIND:i,3,2,0,2,1,1,0,0,0,0,0,0
ns-fs-ASIA,3,5,1,5,5,0,0,0,0,0,0,0
SEND/MAIL,3,4,0,0,2,1,1,0,0,0,0,0
fs-FUN,3,3,0,0,1,1,1,0,0,0,0,0
(5)POSS-1p,3,2,1,1,3,0,0,0,0,0,0,0
VERY-FAST,3,0,1,2,1,0,0,0,0,0,0,0
LIGHT,3,3,1,2,1,0,0,1,0,0,0,0
GLASSES_2,3,4,1,1,2,0,0,0,0,0,0,0
NEAT,3,3,0,1,2,0,1,0,0,0,0,0
FIRED,3,1,1,2,1,1,1,0,0,0,0,0
1p-INFORM:i,3,2,1,1,1,0,0,1,0,0,0,0
PRINCIPAL,3,2,2,1,1,1,0,2,0,0,0,0
HURRY,3,4,1,1,3,0,0,0,0,0,0,0
FUCK,3,3,1,0,1,0,0,0,0,0,0,0
DELIBERATE,3,4,2,3,2,1,1,1,1,0,0,0
SECOND-IN-LIST_4,3,3,1,1,0,2,0,0,0,0,0,0
MEMORIZE,3,5,2,3,4,0,0,2,0,0,0,0
SAME-OLD,3,3,1,1,1,2,1,1,0,0,0,0
REMIND-2p,3,3,2,0,3,0,0,0,0,0,0,0
BLUE,3,2,1,0,2,1,1,0,0,0,0,0
TAPE-RECORDING,3,2,1,1,1,1,0,0,0,0,0,0
DEPART:j,3,3,2,0,0,0,0,0,0,0,0,0
ONE-MONTH,3,3,3,1,1,0,0,1,0,0,0,0
SPREAD,3,5,2,0,1,0,1,1,0,0,0,0
BOMB,3,2,0,2,0,1,0,1,0,0,0,0
QUOTE/TOPIC_2,3,2,0,0,0,4,1,0,0,0,0,0
DCL:flat-Orip paper,3,3,0,0,0,6,0,0,0,0,0,0
A-LEVEL-BELOW,3,2,3,1,1,2,2,0,0,0,0,0
ILLEGAL,3,4,0,0,0,1,2,0,0,0,0,0
DCL:F/9peel styrofoam cup,3,2,0,0,0,5,5,0,0,0,0,0
APPLE,3,2,0,0,0,0,0,0,0,0,0,0
fs-CLUB,3,1,1,0,1,1,0,0,0,0,0,0
5frustration,3,2,2,1,1,0,0,0,0,0,0,0
AIRPLANE,3,3,0,2,2,0,0,0,0,0,0,0
SERIOUS,3,2,2,0,0,1,0,0,0,0,0,0
YESTERDAY,3,3,1,0,1,0,0,1,0,0,0,0
ACTAGENT,3,2,0,0,2,2,0,2,0,0,0,0
ANALYZE,3,0,1,1,0,0,0,1,0,0,0,0
MENTION,3,2,2,0,0,3,2,0,0,0,0,0
fs-TACTILE,3,0,0,0,0,4,3,0,0,0,0,0
LITTLE-BIT,3,1,1,2,1,1,1,0,0,0,0,0
COLOR,3,7,1,2,2,0,0,0,0,0,0,0
fs-LIT,3,1,3,1,1,1,0,1,0,0,0,0
fs-PITCHED,3,5,1,0,2,0,1,0,0,0,0,0
PET-PEEVE,3,4,0,0,2,1,2,0,0,0,0,0
(R)RESEARCH,3,3,0,0,0,6,0,0,0,0,0,0
SUGGEST,3,1,3,1,3,3,0,0,0,0,0,0
ns-fs-BAUMAN,3,1,0,0,1,4,1,0,0,0,0,0
BOTHER,3,1,0,1,0,1,2,0,0,0,0,0
ATTEMPT,3,3,0,0,1,4,1,0,0,0,0,0
alt.USE-SIGN-LANGUAGE,3,3,0,0,0,3,2,2,0,0,0,0
IX-loc:l,3,0,0,0,1,3,0,0,0,0,0,0
MIND,3,3,2,0,3,4,2,1,0,0,0,0
fs-CAREER,3,3,0,3,7,0,0,0,0,0,0,0
1focus,3,3,5,2,1,2,1,0,0,0,0,0
(3)LISTEN,3,2,3,1,1,4,1,0,0,0,0,0
TRAIN,3,1,1,2,0,1,1,0,0,0,0,0
TIME-PERIOD,3,3,1,2,0,0,0,0,0,0,0,0
LOOK-AROUND,3,0,0,0,2,3,1,0,0,0,0,0
ROLE,3,2,1,0,0,0,0,1,0,0,0,0
(P)PROFESSION,3,3,0,0,0,3,1,0,0,0,0,0
BPCL:bent-Bgoing over natural voice range,3,4,2,1,1,4,2,1,0,0,0,0
RUN-MACHINE,3,3,0,0,0,4,0,1,0,0,0,0
MUTE,3,9,0,0,0,3,0,0,0,0,0,0
POP-UP,3,2,1,1,0,1,1,0,0,0,0,0
HALL,3,3,3,0,3,6,0,0,0,0,0,0
GIRL,3,2,0,0,0,1,1,0,0,0,0,0
FIGHT,3,6,1,2,2,0,2,0,1,0,0,0
ICL:Sswinging tennis raquet,3,0,0,0,0,3,0,0,0,0,0,0
5forget it,3,1,5,2,1,1,0,1,0,0,0,0
A,3,2,0,0,0,5,3,1,0,0,0,0
STAND,3,2,0,0,2,0,0,0,0,0,0,0
SIT-continuative,3,3,2,0,3,0,0,1,0,0,0,0
NIGHT-pl-arc,3,4,0,0,0,0,0,1,0,0,0,0
SUMMER,3,3,0,0,0,1,1,0,0,0,0,0
5hands off,3,3,0,1,0,1,0,0,0,0,0,0
ns-fs-PETE,3,3,1,0,0,1,0,1,0,0,0,0
LAST-YEAR,3,2,1,1,0,0,0,0,0,0,0,0
RESTAURANT,3,3,2,2,0,0,0,1,0,0,0,0
fs-HEGEMONY,3,1,0,0,0,6,3,0,0,0,0,0
DCL:bent-1this pathway,3,0,0,0,0,4,0,2,0,0,0,0
(4)STRIPES,3,1,2,1,3,1,1,1,0,0,0,0
fs-SUN,3,5,1,1,2,1,1,0,0,0,0,0
KOWTOW,3,3,0,2,1,0,0,0,0,0,0,0
i:GIFT:j,3,4,0,2,0,0,0,0,0,0,0,0
SUSPECT,3,1,3,3,0,2,0,3,0,0,0,0
SOCIAL/INTERACT,3,2,1,1,2,0,3,2,0,0,0,0
NEXT,3,4,0,2,0,1,0,0,0,0,0,0
LINGUISTICS,3,2,1,2,1,1,0,0,0,0,0,0
ALLERGY,3,0,4,0,1,2,0,2,0,0,0,0
REPUBLICAN,3,2,0,3,1,2,0,0,0,0,0,0
AGAINST,3,3,1,2,1,3,1,1,0,0,0,0
NAB,3,3,3,1,4,0,0,2,0,0,1,0
fs-SPINACH,3,5,1,3,1,0,1,2,0,0,0,0
WALK,3,3,0,0,3,0,2,0,0,0,0,0
ARTICLE,3,2,2,0,1,0,1,0,0,0,0,0
(L-X)INTERESTING,3,2,2,5,1,0,0,0,0,0,0,0
GET-TICKET,3,2,1,0,3,0,0,0,0,0,0,0
BOOK-PAGE,3,1,2,1,0,0,0,1,0,0,0,0
HANDSOME/ns-HAWAII_2,3,2,1,0,0,0,2,2,0,0,0,0
ns-fs-PHIL,3,1,3,1,1,0,0,0,0,0,0,0
ns-fs-RICK-PERRY,3,3,4,1,0,0,0,0,0,0,0,0
5oh well,3,1,3,0,0,1,0,0,0,0,0,0
ns-fs-JIM,3,3,1,2,1,1,0,1,0,0,0,0
ns-fs-JOE,3,2,0,2,1,1,1,1,0,0,0,0
ns-MCDONALD,3,4,4,1,0,0,0,2,0,0,0,0
MOVING-ON-TO-NEXT-TOPIC,3,0,1,0,0,1,1,0,0,0,0,0
TROPHY_2,3,2,0,1,1,1,0,0,0,0,0,0
MONDAY,3,3,2,2,0,0,0,0,0,0,0,0
CONTACT,3,1,1,0,0,1,1,0,0,0,0,0
ns-fs-FEDEX,3,1,1,0,0,1,1,0,0,0,0,0
SPAGHETTI_2,3,0,0,3,1,3,0,0,0,0,0,0
TWO_2ZEROTHIRTEEN,3,3,0,0,0,0,0,0,0,0,0,0
5that's the way it is,3,2,3,1,3,0,0,1,0,0,0,0
(S)BASEBALL,3,4,2,3,1,0,3,1,0,0,0,0
GROUP/TOGETHER-pl,3,1,1,3,2,0,0,0,0,0,0,0
OFF,3,3,0,3,2,1,0,1,0,0,0,0
GET-UP,3,2,2,0,1,1,0,1,0,0,0,0
SOUTH,3,0,1,4,1,1,0,0,0,0,0,0
j:MOVE:i,3,0,1,3,2,1,0,0,0,0,0,0
LONG,3,1,4,2,1,0,0,1,0,0,0,0
ns-RIT,3,1,0,4,5,0,0,0,0,0,0,0
OLDAGE-SIXHALF,3,3,0,0,0,0,0,3,0,0,0,0
TAKE-continuative,3,1,0,2,5,0,0,0,0,0,0,0
INTERVIEW,3,3,0,0,1,0,0,3,0,0,0,0
DOUBT,3,2,2,4,0,0,2,1,0,0,0,0
SPEND,3,3,0,0,0,2,1,1,0,0,0,0
TAKE-NOTES,3,3,3,0,0,0,0,3,0,0,0,0
OF-COURSE,3,1,2,2,1,0,0,0,0,0,0,0
LOOK-BY-EYE,3,0,3,0,0,3,0,0,0,0,0,0
DCL:baby-Owriting on the test,3,3,2,2,1,1,0,1,0,0,0,0
(5)FIRST-IN-LIST,3,1,0,0,0,1,1,0,0,0,0,0
THROUGH_2,3,0,0,0,1,0,0,0,0,0,0,0
(nd-2)FIRST-AND-SECOND-IN-LIST,3,0,0,0,0,0,0,0,0,0,0,0
LAST-WEEK,3,3,1,0,0,0,1,0,0,0,0,0
fs-SMASHED,3,5,1,2,6,0,1,1,0,0,0,0
fs-COLLIDED,3,3,0,1,5,0,0,0,0,0,0,0
RESEARCH,3,0,2,4,7,0,0,0,0,0,0,0
SAME-LIST,3,4,1,3,4,0,1,0,0,0,0,0
ns-UTAH,3,5,2,1,4,0,3,1,0,0,0,0
SCL:1mentor coming in,3,2,0,1,0,0,0,1,0,0,0,0
(nd-V/2)LIST-ORDER-MIDDLE,3,2,2,2,1,0,0,1,0,0,0,0
MEETING,3,4,1,1,3,0,1,0,0,0,0,0
fs-MPH,3,7,0,5,3,0,2,2,0,0,0,0
ns-fs-BU,3,2,2,1,0,1,0,0,1,0,0,0
fs-CARE,3,0,1,2,0,0,0,0,0,0,0,0
ns-fs-JAMES,3,2,3,0,0,0,0,1,0,0,0,0
BIG_5,3,3,0,0,0,0,0,1,0,0,0,0
ONE-DOLLAR,2,1,0,1,0,1,0,0,1,0,0,0
INSURANCE/INFECTION,2,0,0,1,0,0,0,1,0,0,0,0
EMERGENCY,2,1,2,0,0,0,0,0,0,0,0,0
NOTHING-AT-ALL,2,1,0,1,1,0,0,0,0,0,0,0
fs-SANCTUARY,2,1,0,0,0,2,1,0,0,0,0,0
fs-WASTE,2,2,0,1,0,3,3,0,0,0,0,0
5shocked,2,0,0,0,0,3,1,0,0,0,0,0
fs-OR,2,0,0,0,0,1,1,0,0,0,0,0
VOICE-RANGE_2,2,2,0,0,0,2,1,0,0,0,0,0
fs-CLASS,2,2,3,1,1,1,0,0,0,0,0,0
GIVE-UPfs-UP,2,0,0,0,0,4,2,0,0,0,0,0
fs-WAS,2,0,0,0,0,0,1,0,0,0,0,0
OLDFIFTEEN,2,0,0,0,0,0,2,0,0,0,0,0
DCL:5cover up both noises,2,0,0,0,0,4,4,0,0,0,0,0
DATE/DESSERT,2,1,0,0,0,0,1,0,0,0,0,0
AMONG,2,2,4,0,0,2,2,0,0,0,0,0
BURP,2,1,2,0,0,2,3,0,0,0,0,0
fs-BURP,2,1,2,0,0,2,3,0,0,0,0,0
NATURAL,2,2,4,0,0,2,2,0,0,0,0,0
fs-HUMAN,2,1,2,0,0,1,1,0,0,0,0,0
BODY,2,1,2,0,0,2,2,0,0,0,0,0
fs-PUBLIC,2,3,0,1,1,2,3,0,0,0,0,0
ANYMORE,2,0,0,0,0,0,0,0,0,0,0,0
SCARE,2,1,1,0,0,1,0,0,0,0,0,0
CARE_2,2,0,0,0,0,4,1,0,0,0,0,0
CHURCH,2,1,0,0,0,1,3,0,0,0,0,0
YOUNG,2,3,0,0,0,4,1,0,0,0,0,0
DCL:5emit waste loudly,2,0,0,0,0,2,0,0,0,0,0,0
POPCORN,2,2,0,0,0,2,4,0,0,0,0,0
SELF:i,2,0,0,0,0,2,1,0,0,0,0,0
THINK-OVER,2,1,0,0,0,2,1,0,0,0,0,0
fs-TRY,2,0,3,0,0,2,1,1,0,0,0,0
fs-PISS,2,0,0,0,0,2,1,0,0,0,0,0
IX-3p-pl-circle,2,1,1,0,0,1,1,2,0,0,0,0
BCL:crvd-5holding football,2,0,2,0,0,0,2,4,0,0,0,0
CHAT:j,2,0,0,0,0,2,0,0,0,0,0,0
BCL:Cgrab Bible,2,2,0,0,0,0,4,0,0,0,0,0
DCL:crvd-Bcurve of the toilet bowl,2,0,0,0,0,3,3,0,0,0,0,0
FREE,2,0,1,0,0,3,2,1,0,0,0,0
OWN,2,2,1,1,0,1,0,0,0,0,0,0
THINKLONG-LIST,2,2,0,0,0,2,0,0,0,0,0,0
BCL:Snudge neighbor,2,1,1,0,0,2,3,0,0,0,0,0
DCL:1point to popcorn bucket,2,2,2,0,0,2,6,0,0,0,0,0
PLACE:i,2,4,0,0,0,6,0,0,0,0,0,0
PLACE:j,2,4,0,0,0,6,0,0,0,0,0,0
ENVIRONMENT,2,0,0,0,0,2,2,0,0,0,0,0
1no,2,0,0,0,0,4,0,0,0,0,0,0
ns-fs-DEAN,2,1,0,0,0,4,0,0,0,0,0,0
PROBLEM,2,1,1,0,0,3,1,0,0,0,0,0
EXHAUST,2,2,0,1,2,1,0,0,0,0,0,0
BURN,2,2,0,2,0,1,0,0,0,0,0,0
FRESHMAN,2,4,1,1,1,1,0,0,0,0,0,0
TRADITION,2,4,1,1,1,1,0,0,0,0,0,0
i:GIFT-1p,2,2,0,0,1,0,1,0,0,0,0,0
LOOK-DOWN,2,1,1,1,0,1,1,0,0,0,0,0
COLLAR,2,5,0,2,2,1,0,0,0,0,0,0
IX-1p-pl,2,1,2,0,1,2,0,0,0,0,0,0
BAWL-OUT:i,2,1,1,1,0,0,2,0,0,0,0,0
BED,2,2,1,2,1,0,2,0,0,0,0,0
POSS-3p:i/j,2,2,0,1,2,0,1,0,0,0,0,0
NEXT-TO_2,2,2,0,1,2,0,0,0,0,0,0,0
fs-TRIP,2,0,1,0,0,0,2,0,0,0,0,0
ns-fs-SALLY,2,2,2,0,0,0,0,0,0,0,0,0
FLAT-TIRE_3,2,0,1,0,2,1,0,0,0,0,0,0
ICL:Xspray silly string,2,2,0,0,0,0,0,0,0,0,0,0
ADDICTED,2,1,0,2,1,0,0,0,0,0,0,0
REMIND-1p,2,1,0,0,3,1,1,0,0,0,0,0
(3)ACCIDENT,2,1,0,1,1,0,0,0,0,0,0,0
SUMMON,2,1,0,2,1,0,0,1,0,0,0,0
TROUBLE,2,1,0,2,1,0,0,1,0,0,0,0
BEAT_2,2,1,1,1,1,1,0,0,0,0,0,0
ns-INDIA,2,2,0,0,3,0,0,0,0,0,0,0
SUPPORT,2,1,0,0,2,0,0,0,0,0,0,0
fs-IPOD,2,2,1,1,1,1,0,1,0,1,0,0
TIE_2FISHING,2,2,2,2,0,0,0,0,0,0,0,0
MAKE-IT,2,2,2,1,3,2,0,0,0,0,0,0
UP,2,2,0,1,0,0,1,1,0,0,0,0
LIGHT-FLASH,2,2,0,0,1,0,0,0,0,0,0,0
fs-PC,2,3,0,1,1,0,0,0,0,0,0,0
EMPTY/EARLY,2,2,2,4,1,0,0,0,0,0,0,0
BACK,2,2,0,0,0,1,0,0,0,0,0,0
OVERSLEEP,2,1,0,0,2,0,0,0,1,0,0,0
CHECK,2,2,0,0,0,0,0,1,0,0,0,0
SCL:crvd-Vhorse galloping,2,2,1,0,2,0,1,0,0,0,0,0
END,2,2,1,0,1,0,0,0,0,0,0,0
HATE,2,2,0,0,0,1,1,0,0,0,0,0
BALANCE,2,1,1,0,0,2,0,1,0,0,0,0
FLOW,2,2,2,2,2,0,0,0,0,0,0,0
COUNTRY,2,2,0,2,2,2,0,0,0,0,0,0
FRESH,2,3,1,0,1,0,0,0,0,0,0,0
EACHONE-pl-arc,2,2,0,0,0,0,0,2,0,0,0,0
BILL/OWE,2,1,2,2,2,0,0,0,0,0,0,0
FLAT/FLOOR,2,1,0,1,1,1,0,0,0,0,0,0
KEEP,2,2,1,2,0,0,0,0,0,0,0,0
i:TURN:j,2,2,2,1,1,2,0,0,0,0,0,0
GARAGE/SUBMARINE,2,0,3,1,1,0,0,0,0,0,0,0
TWICE,2,3,4,0,0,0,0,0,0,0,0,0
WRESTLE,2,3,0,0,2,0,0,3,0,0,0,0
RECORD,2,2,0,0,1,1,0,0,0,0,0,0
(X-over-thumb)CELEBRATE,2,2,0,1,1,1,0,1,0,0,0,0
THINKBURST,2,2,2,0,0,2,0,0,0,0,0,0
(bent-1)POSS-1p,2,3,1,1,1,0,0,0,0,0,0,0
DCL:crvd-5clouds moving in,2,1,1,0,3,0,0,1,0,0,0,0
FEW/CLOSE,2,1,1,1,1,0,0,1,0,0,0,0
fs-OCEAN,2,1,1,1,1,0,0,1,0,0,0,0
ANALYZE_2,2,0,0,0,0,4,3,0,0,0,0,0
DCL:bent-B-Lclose envelope,2,4,0,0,0,4,0,0,0,0,0,0
A-LEVEL-ABOVE,2,2,1,0,0,2,1,0,0,0,0,0
GOOD,2,1,2,1,1,1,1,0,0,0,0,0
VIDEOTAPE,2,2,1,1,1,1,1,0,0,0,0,0
NINETEEN_2NINETY-NINE,2,2,2,0,0,2,2,0,0,0,0,0
DCL:flat-Orip paper slowly,2,0,0,0,0,2,1,0,0,0,0,0
fs-NOISY,2,1,0,0,0,5,5,0,0,0,0,0
DCL:5-C-Lnails on a chalkboard,2,2,0,0,0,4,4,0,0,0,0,0
fs-STATUS,2,0,0,0,0,3,2,0,0,0,0,0
DCL:Sclanking things,2,0,0,0,0,2,0,0,0,0,0,0
BACKWARD_2,2,1,1,0,0,2,1,2,0,0,0,0
DCL:flat-Orip paper fast,2,0,0,0,0,2,0,0,0,0,0,0
ANIMAL,2,2,2,3,0,0,1,0,1,0,0,0
ADVISE/INFLUENCEAGENT,2,2,0,0,0,0,0,2,0,0,0,0
DISTRIBUTE,2,1,3,0,0,0,0,1,0,0,0,0
NOWAFTERNOON,2,2,0,0,0,0,0,0,0,0,0,0
APPOINTMENT,2,1,1,1,0,0,0,0,0,0,0,0
NOWAFTERNOON_2,2,0,2,0,0,0,0,0,0,0,0,0
CONFRONT,2,0,0,0,2,1,0,0,0,0,0,0
PASTALL-NIGHT,2,2,0,0,0,0,0,0,0,0,0,0
INNOCENT,2,0,1,1,0,0,2,0,0,0,0,0
OPPOSITE,2,2,2,1,2,0,0,0,0,0,0,0
SET-UP:i,2,0,1,0,0,1,2,0,0,0,0,0
STRUGGLE-continuative,2,1,0,0,0,2,2,0,0,0,0,0
fs-ORIENTED,2,1,1,0,0,3,2,0,0,0,0,0
fs-OH,2,1,0,0,0,2,0,0,0,0,0,0
THINKMARRY,2,2,0,2,0,0,0,0,0,0,0,0
ns-fs-AMY,2,1,1,2,2,0,0,0,0,0,0,0
i:GIVE-1p,2,1,0,0,2,0,0,0,0,0,0,0
fs-SUNBURN,2,0,0,0,2,0,2,0,0,0,0,0
BAWL-OUT,2,3,2,0,1,0,0,0,0,0,0,0
ZOOM,2,4,1,1,2,1,0,0,0,0,0,0
DO-IT,2,1,0,0,1,0,1,0,0,0,0,0
SELF-1p,2,1,1,1,1,0,0,0,0,0,0,0
fs-LOOP,2,2,0,0,2,6,0,0,0,0,0,0
fs-QUALITY,2,0,3,0,0,1,1,2,0,0,0,0
APPLY_2,2,2,0,0,0,4,0,0,0,0,0,0
QUESTION,2,4,0,1,0,0,0,0,0,0,0,0
SCL:Vperson levitating,2,0,0,0,0,2,0,0,0,0,0,0
TOTAL,2,0,0,0,0,2,0,1,0,0,0,0
fs-MUTE,2,1,0,0,2,1,0,0,0,0,0,0
5not know what to do,2,0,0,0,4,2,0,0,0,0,0,0
FAST_2,2,3,0,0,0,3,0,0,0,0,0,0
"5so, all set",2,1,0,3,1,2,0,0,0,0,0,0
POUND/WEIGH,2,1,0,0,0,1,1,0,0,0,0,0
BCL:crvd-5swashbuckler like,2,1,0,0,2,4,0,0,0,0,0,0
STRONG,2,1,0,1,1,3,0,0,0,0,0,0
fs-OWN,2,0,2,0,2,1,0,0,0,0,0,0
fs-TEMPO,2,1,1,0,1,2,0,1,0,0,0,0
TOTAL_2,2,1,1,2,1,2,0,1,0,0,0,0
EXACT,2,2,0,0,0,4,1,0,0,0,0,0
HISTORY,2,1,0,0,0,1,0,1,0,0,0,0
(A)PLACE,2,0,0,1,0,2,1,0,0,0,0,0
OCCASIONALLY,2,1,0,0,1,2,0,0,0,0,0,0
LOOK-recip,2,2,3,1,2,0,0,0,0,0,0,0
INTERPRETAGENT,2,2,0,0,0,0,4,0,0,0,0,0
ACCOMMODATE,2,3,1,1,0,5,1,2,0,0,0,0
POWER,2,2,1,1,0,0,0,0,0,0,0,0
PLAYAGENT,2,2,0,0,0,2,0,0,0,0,0,0
BPCL:1going over natural voice range,2,3,0,0,1,0,0,0,0,0,0,0
ns-fs-IOWA,2,2,0,0,0,4,1,0,0,0,0,0
fs-CAUCUS,2,1,2,1,0,3,0,1,0,0,0,0
INTERNATIONAL,2,3,0,1,0,2,0,0,0,0,0,0
FREQUENTLY,2,1,0,0,0,2,1,0,0,0,0,0
EXCHANGE,2,2,2,0,2,4,0,0,0,0,0,0
DCL:fanned-Ogrumbling,2,2,2,0,2,4,0,0,0,0,0,0
DCL:fanned-Othroat grumble,2,2,1,0,2,3,0,0,0,0,0,0
FLAT/LEVEL,2,2,0,1,0,2,0,0,0,0,0,0
ns-nat-AUSTRALIA,2,0,0,2,1,1,0,0,0,0,0,0
OLDNINE,2,0,0,0,0,2,0,0,0,0,0,0
DELETE,2,2,0,0,2,2,1,0,0,0,0,0
MANAGE/CONTROLAGENT,2,4,2,4,0,0,0,0,2,0,0,0
GENERAL,2,1,1,0,0,1,0,0,0,0,0,0
DCL:fanned-flat-Othroat,2,0,2,0,0,2,0,2,0,0,0,0
SOMEONE,2,2,0,0,0,2,0,0,0,0,0,0
5set,2,0,0,0,1,1,0,0,0,0,0,0
DCL:Sheavy lifting,2,0,0,0,0,2,0,0,0,0,0,0
THIRD-PLACE_2,2,0,4,2,0,2,0,2,0,0,0,0
TALK-OVER,2,0,2,1,0,2,0,1,0,0,0,0
fs-INTELLIGIBLE,2,1,2,0,1,0,0,0,0,0,0,0
fs-GRUNTS,2,2,1,0,0,0,0,0,0,0,0,0
i:INFORM-1p,2,2,1,1,2,0,0,1,0,0,0,0
alt.LIE,2,0,1,2,2,0,1,0,0,0,0,0
ns-fs-PAUL,2,4,0,1,0,0,0,1,0,0,0,0
LEND,2,1,0,1,0,0,0,0,0,0,0,0
1p-TELL:i,2,1,1,1,0,0,1,1,0,0,0,0
SCL:V/2two of them go together,2,2,0,0,2,0,0,0,0,0,0,0
ns-NEW-YORK_2,2,1,2,1,0,1,1,0,0,0,0,0
fs-GLOBE,2,2,2,0,1,0,2,0,0,0,0,0
SCL:5-Cbig house,2,1,1,1,1,0,0,1,0,0,0,0
GUITAR,2,2,0,1,1,0,0,0,0,0,0,0
fs-REOPEN,2,0,0,0,0,0,0,0,0,0,0,0
(alt-G/bent-L)POSS-1p,2,1,1,1,0,0,0,0,0,0,0,0
DCL:Bpathway of sign language,2,0,0,0,0,1,1,0,0,0,0,0
ED,2,0,0,2,1,2,1,0,0,0,0,0
PRACTICE,2,1,0,0,0,1,1,1,0,0,0,0
2p-ASK:i,2,0,2,0,0,0,0,2,0,0,0,0
TUBING,2,2,2,0,1,0,0,0,0,0,0,0
WATERDCLround flat,2,2,0,0,0,0,0,0,0,0,0,0
ns-fs-HARRY,2,3,3,1,0,0,0,0,0,0,0,0
SCL:U-Lperson passed out,2,2,0,0,0,0,0,0,0,0,0,0
SUNSHINE_2,2,2,1,0,2,0,1,0,0,0,0,0
BOTH,2,2,0,0,2,1,0,0,0,0,0,0
CELEBRATE,2,3,0,0,1,0,0,0,0,0,0,0
CRASH,2,1,0,1,1,0,0,0,0,0,0,0
DCL:U-Lhorse running,2,3,1,1,1,0,1,0,0,0,0,0
EXPENSIVE,2,0,3,1,1,0,1,0,0,0,0,0
SCL:1person approaching,2,2,0,1,0,0,0,0,0,0,0,0
j:GIVE-indef,2,2,0,0,0,0,0,0,0,0,0,0
COW,2,0,1,0,1,0,0,0,0,0,0,0
BEST,2,1,4,0,0,1,1,1,0,0,0,0
CHEAPMOST,2,4,0,0,0,0,0,0,0,0,0,0
fs-ELECTION,2,2,0,1,2,1,0,1,0,0,0,0
ns-IRELAND,2,3,0,1,1,0,0,0,0,0,0,0
THAT:i,2,2,2,0,0,0,0,0,0,0,0,0
SMALL-AMOUNT,2,2,0,2,0,0,0,0,0,0,0,0
LOSE,2,1,1,1,0,0,0,0,0,0,0,0
TEAM,2,2,0,0,0,1,1,2,0,0,0,0
ON-TIME,2,1,1,0,0,0,1,0,0,0,0,0
SECOND,2,1,0,1,0,0,1,0,0,0,0,0
MONEY_2,2,1,1,1,2,0,0,0,0,0,0,0
SHEET-CAKE,2,0,0,1,1,1,1,0,0,0,0,0
TIMEDCLcircular object,2,2,2,0,0,0,0,0,0,0,0,0
THUMB-IX-3p:i,2,1,1,2,1,1,0,0,0,0,0,0
AGENT,2,3,0,0,2,1,0,1,0,0,1,0
STEAL,2,1,1,1,2,0,0,1,0,0,1,0
MOUSE/FICTION,2,0,2,0,1,2,0,0,0,0,0,0
CHASE,2,1,0,1,1,1,0,0,0,0,0,0
2p-GIVE-1p,2,2,1,1,0,0,0,0,0,0,0,0
COMPUTER_5,2,2,1,1,2,0,0,0,0,0,0,0
5panic,2,1,1,1,3,0,0,0,0,0,0,0
ns-AA,2,4,0,2,0,0,0,0,0,0,0,0
STUCK,2,2,2,1,0,0,1,0,0,0,0,0
fs-MARATHON,2,3,0,0,0,1,0,0,0,0,0,0
EIGHT,2,2,2,0,0,0,0,1,0,0,0,0
NINE,2,2,2,0,0,0,0,1,0,0,0,0
TEN,2,0,1,0,1,0,0,1,0,0,0,0
ns-fs-SARAH-JESSICA-PARKER,2,1,0,0,1,0,0,1,0,0,0,0
ns-fs-SARAH-PALIN,2,1,0,0,0,0,0,1,0,0,0,0
FRIDAY,2,1,0,1,0,0,0,1,0,0,0,0
SPRING,2,1,1,0,0,0,1,1,0,0,0,0
COAT,2,1,3,1,0,0,0,0,0,0,0,0
EATMORNING,2,0,2,2,0,0,0,0,0,0,0,0
HURRICANE,2,3,1,1,0,0,2,0,0,0,0,0
FIVE,2,0,0,0,4,0,0,1,0,0,0,0
BACK_2,2,0,0,0,0,0,0,2,0,0,0,0
ns-fs-NETFLIX,2,2,0,1,3,0,0,1,0,0,0,0
fs-DVD,2,2,0,1,3,0,0,1,0,0,0,0
ns-fs-LIZ,2,0,1,0,0,0,0,0,0,0,0,0
ns-fs-MITT-ROMNEY,2,2,3,1,0,0,0,0,0,0,0,0
NUTBUTTER,2,0,6,0,0,0,0,2,0,0,0,0
ns-fs-BETH,2,0,4,0,0,1,0,2,0,0,0,0
LOSE-COMPETITIONPCL:V/2many games,2,4,0,0,0,0,0,0,0,0,0,0
ENOUGH,2,2,0,1,0,0,0,1,0,0,0,0
fs-SUSHI,2,2,2,1,0,0,0,0,0,0,0,0
ns-fs-NEWTON,2,3,2,2,4,0,0,0,0,0,0,0
BREAKENTER,2,4,0,2,4,0,0,0,0,0,0,0
ns-BROOKLINE,2,3,2,2,4,0,0,0,0,0,0,0
DANGER,2,2,1,1,1,1,0,1,0,0,0,0
APT,2,1,2,0,1,0,0,2,0,0,0,0
ns-fs-JEN,2,1,0,1,0,1,1,0,0,0,0,0
HAMBURGER,2,2,2,1,0,0,0,1,0,0,0,0
ns-fs-ALEC-BALDWIN,2,3,0,2,2,0,0,0,0,0,0,0
ECONOMIC,2,2,1,1,1,0,1,0,0,0,0,0
B,2,2,0,0,0,2,1,0,0,0,0,0
INFORM-ALL,2,0,0,0,0,2,0,0,0,0,0,0
IX-3p:o,2,0,0,0,0,6,6,0,0,0,0,0
N,2,0,0,0,0,6,5,0,0,0,0,0
MAJOR:j,2,0,0,0,0,2,2,0,0,0,0,0
SET-UP:j,2,0,1,0,0,1,1,0,0,0,0,0
GROUP/TOGETHER:i,2,1,0,3,1,1,1,0,0,0,0,0
GROUP/TOGETHER:j,2,1,0,3,1,1,1,0,0,0,0,0
STRUGGLE,2,1,2,2,0,2,1,1,0,0,0,0
(F)NONE/NOTHING,2,0,0,0,0,2,1,0,0,0,0,0
SCL:crvd-Vhopping in a new group,2,0,0,0,0,2,2,0,0,0,0,0
CLOSE-GATE,2,1,2,0,0,0,1,1,0,0,0,0
CHOOSE,2,1,0,1,1,2,0,0,0,0,0,0
NEGLECT,2,2,0,2,1,1,0,0,0,0,0,0
alt.EAT,2,3,2,1,1,1,0,1,0,0,0,0
CARAGENT,2,2,2,2,2,0,0,0,0,0,0,0
fs-KEY,2,2,2,2,1,0,1,0,0,0,0,0
WRITE_2,2,2,2,0,1,0,1,1,0,0,0,0
fs-EXAM,2,1,1,2,2,0,0,0,0,0,0,0
fs-STORM,2,2,1,0,1,0,1,0,0,0,0,0
ns-PUERTO-RICO,2,1,1,0,3,1,0,0,0,0,0,0
fs-HORROR,2,3,0,1,1,0,0,0,0,0,0,0
LAZY,2,2,1,2,2,0,1,0,0,0,0,0
alt.INVITE/HIRE,2,2,1,1,1,0,0,0,0,0,0,0
EASYMOST,2,4,2,0,2,0,0,0,0,0,0,0
LICENSE,2,2,1,0,0,1,0,0,0,0,0,0
DECORATE,2,2,1,0,3,1,1,0,0,0,0,0
BAKING-SPRINKLES,2,2,2,1,4,1,0,0,0,0,0,0
KICK-OFF,2,1,1,2,0,0,1,0,0,0,0,0
RESUME,2,1,1,2,1,1,0,1,0,0,0,0
PARTY-HARD,2,2,1,1,2,0,0,0,0,0,0,0
DCL:5person growing up,2,1,0,0,1,0,0,1,0,0,0,0
AGE-SIXHALF,2,0,0,0,2,0,0,0,0,0,0,0
5well,2,0,0,0,0,0,0,0,0,0,0,0
(crvd-V)MOVE,2,0,0,0,2,0,0,0,0,0,0,0
DORM,2,0,0,0,1,0,0,0,0,0,0,0
MOST,2,1,1,1,1,0,0,0,0,0,0,0
LONGMOST,2,0,0,0,0,0,0,0,2,0,0,0
ns-IBM,2,2,0,4,2,0,0,0,0,0,0,0
OVER/AFTERSCHOOL,2,0,0,0,0,0,0,0,0,0,0,0
TWELVEHALF,2,0,0,2,2,0,0,0,0,0,0,0
SIXHALF,2,0,0,2,2,0,0,0,0,0,0,0
MOVE-AROUND,2,0,1,1,2,1,0,0,0,0,0,0
SCL:1John and Mary walk together,2,0,2,2,0,0,0,0,0,0,0,0
SHUCKS,2,1,0,0,2,0,0,0,1,0,0,0
COMPUTER,2,3,0,0,0,2,0,1,0,0,0,0
NOWMORNING,2,2,2,0,0,0,0,2,0,0,0,0
MORMON_2,2,2,2,0,0,0,0,0,0,0,0,0
SIX_2ZERO_3,2,4,2,0,0,0,0,0,0,0,0,0
FIVESIX_2,2,4,2,0,0,0,0,0,0,0,0,0
SOUP,2,2,0,0,2,0,0,2,0,0,0,0
GOOD/THANK-YOUNIGHT,2,0,0,0,0,0,0,0,0,0,0,0
FLY-BY-PLANE,2,0,4,1,2,0,1,0,0,0,0,0
"5ok, hey",2,1,3,1,2,0,3,1,0,0,0,0
fs-SYNTAX,2,1,0,1,0,0,0,0,0,0,0,0
MISUNDERSTAND,2,1,0,0,3,0,1,0,0,0,0,0
NINETEEN,2,1,2,0,0,0,0,1,0,0,0,0
CHECKfs-LIST,2,2,2,0,0,0,0,2,0,0,0,0
ANYTIME,2,2,0,0,0,0,2,0,0,0,0,0
5trepidation,2,1,0,0,0,0,2,0,0,0,0,0
5reassure,2,1,4,0,1,1,0,1,0,0,0,0
fs-PROCTOR,2,0,2,1,0,1,0,0,0,0,0,0
DOpart:indef,2,6,0,0,0,4,0,0,0,0,0,0
alt.VOICE,2,0,2,0,0,0,0,0,0,0,0,0
ns-fs-SAT,2,2,1,1,3,0,0,0,0,0,0,0
HEARINGPERSON,2,2,2,0,0,0,0,0,0,0,0,0
FORMERLY,2,2,0,0,2,0,0,0,0,0,0,0
THINKSHOCK,2,0,0,0,0,2,0,0,0,0,0,0
WHATACTION,2,0,2,0,0,2,0,4,0,0,0,0
CURRENT-TOPIC,2,0,0,0,0,0,0,0,0,0,0,1
MINOR,2,0,0,0,0,0,0,0,0,0,0,0
EXPAND,2,0,2,0,0,0,0,0,0,0,0,0
THINKMEAN,2,0,0,0,2,0,0,0,0,0,0,0
ns-fs-BARACK-OBAMA,2,0,0,1,1,1,1,0,0,0,0,0
DCL:Cgroup go together,2,2,1,1,1,0,0,1,0,0,0,0
TRACK-THUMB,2,3,1,2,4,0,0,0,0,0,0,0
TRACK-IX,2,3,1,2,4,0,0,0,0,0,0,0
TRACK-MIDDLE,2,3,1,2,4,0,0,0,0,0,0,0
TRACK-RING,2,3,1,2,4,0,0,0,0,0,0,0
fs-CANCER,2,3,1,3,1,0,0,1,0,0,0,0
SCREEN/FILTER,2,1,0,1,0,0,0,0,0,0,0,0
ASK_2,2,3,1,2,1,0,0,0,0,0,0,0
ns-TENN,2,4,1,1,3,0,0,0,0,0,0,0
INTERRUPT,2,2,3,3,0,0,0,1,0,0,0,0
ASK_2-3p-pl-arc,2,2,1,1,2,0,0,0,0,0,0,0
fs-LINK,2,2,1,2,0,0,0,0,0,0,0,0
NEGATIVE,2,4,1,3,3,0,0,1,0,0,0,0
INCLUDE/INVOLVE-1p,2,1,1,3,4,1,2,1,0,0,0,0
CITY/COMMUNITY,2,1,1,0,6,1,2,1,0,0,0,0
fs-MODEL,2,1,0,0,0,0,0,1,0,0,0,0
5focus,2,1,0,2,0,0,0,1,0,0,0,0
OPPORTUNITY,2,0,1,1,2,0,0,0,0,0,0,0
fs-INTERVENTION,2,2,3,1,1,0,0,1,0,0,0,0
INTERRUPT:i,2,1,2,4,2,0,0,1,0,0,0,0
SPECIALTYAGENT,2,2,0,0,0,0,0,0,0,0,0,0
AUDIOLOGYAGENT,2,2,0,0,0,0,0,0,0,0,0,0
NURSE,2,2,1,1,3,0,0,0,0,0,0,0
SOCIAL-WORK,2,1,0,2,0,0,0,0,0,0,0,0
fs-BE,2,0,1,1,3,0,1,1,0,0,0,0
INFORMSUBLIMINAL-INFLUENCE,2,0,0,0,0,0,0,0,0,0,0,0
NOW-WEEK,2,2,0,1,0,1,0,0,0,0,0,0
STAR,2,1,0,2,0,1,0,1,0,0,0,0
(5)NOT,2,0,0,2,0,0,0,0,0,0,0,0
ns-fs-BOSTON,2,1,2,0,0,0,0,0,1,0,0,0
IX-3p-pl-2,2,2,2,0,0,0,0,2,0,0,0,0
fs-TAX,2,3,0,0,0,0,0,0,0,0,0,0
INCREASE,2,2,0,2,0,0,0,0,0,0,0,0
IX-1p-2p,1,2,0,1,2,0,0,0,0,0,0,0
ns-JAMAICA,1,2,0,1,2,0,0,0,0,0,0,0
MANIPULATE,1,0,0,1,1,0,0,0,0,0,0,0
SPELL,1,0,1,0,1,1,0,0,0,0,0,0
MISTAKE,1,0,1,0,1,1,0,0,0,0,0,0
SUBTRACT,1,0,1,0,1,1,0,0,0,0,0,0
DOWN,1,1,0,0,0,0,0,0,0,0,0,0
fs-TABOO,1,1,0,0,0,0,0,0,0,0,0,0
IX-3p:i/j,1,0,1,1,0,0,0,0,0,0,0,0
EMBARRASS,1,0,1,1,0,0,0,0,0,0,0,0
LINE,1,0,0,0,0,1,0,0,0,0,0,0
fs-EMIT,1,0,0,0,0,1,0,0,0,0,0,0
SCL:V/2look up and down,1,0,0,0,0,0,0,0,0,0,0,0
SCL:V/2look down,1,0,0,0,0,0,0,0,0,0,0,0
5uncertain,1,0,0,0,0,1,1,0,0,0,0,0
YES_2,1,0,0,0,0,1,1,0,0,0,0,0
AUDIENCE,1,2,0,0,0,1,0,0,0,0,0,0
NO-GOOD,1,0,0,0,0,1,0,0,0,0,0,0
SCL:3people staring,1,4,0,0,1,3,0,0,0,0,0,0
DCL:Sstrong horse,1,0,0,0,0,3,3,0,0,0,0,0
SCL:Shorse galloping,1,0,0,0,0,3,3,0,0,0,0,0
1p-LOOK:j,1,0,0,0,0,1,2,0,0,0,0,0
FIFTEEN,1,0,0,0,0,0,1,0,0,0,0,0
LUCKY,1,0,0,0,0,0,1,0,0,0,0,0
DCL:crvd-sprd-Bmaking bubbles,1,1,0,0,0,2,0,0,0,0,0,0
DCL:5bubbles covering toilet bowl,1,1,0,0,0,2,0,0,0,0,0,0
5cheering,1,1,0,0,0,2,0,0,0,0,0,0
DCL:crvd-Vsit on toilet,1,0,0,0,0,2,2,0,0,0,0,0
GO_2,1,0,0,0,0,2,2,0,0,0,0,0
IGNITION-ON,1,0,0,0,0,2,2,0,0,0,0,0
DCL:5water running,1,0,0,0,0,2,2,0,0,0,0,0
5ehh,1,0,0,0,0,2,2,0,0,0,0,0
DCL:5water running in toilet bowl,1,0,0,0,0,2,2,0,0,0,0,0
DCL:5water running down side of toilet bowl,1,0,0,0,0,2,2,0,0,0,0,0
fs-DROWN,1,0,0,0,0,2,2,0,0,0,0,0
DCL:bent-B-Lemit waste,1,0,0,0,0,2,2,0,0,0,0,0
DCL:5gently emit waste,1,0,1,0,0,2,0,0,0,0,0,0
5gathering,1,0,0,0,0,0,1,0,0,0,0,0
FART,1,1,2,0,0,1,1,0,0,0,0,0
IX-honorific:j,1,1,2,0,0,1,1,0,0,0,0,0
fs-C,1,2,0,1,0,2,3,0,0,0,0,0
fs-COLLEAGUE,1,2,0,1,0,2,3,0,0,0,0,0
fs-HORRIFIED,1,0,0,0,0,1,0,0,0,0,0,0
TRADE-arc,1,0,0,0,0,3,1,0,0,0,0,0
fs-TIPS,1,0,0,0,0,3,1,0,0,0,0,0
fs-URINE,1,0,0,0,0,1,0,0,0,0,0,0
5sigh,1,2,0,0,0,4,1,0,0,0,0,0
SHOW-1p,1,0,0,0,0,1,0,0,0,0,0,0
DCL:bent-Bcurve of toilet bowl,1,0,0,0,0,1,3,1,0,0,0,0
DCL:Cgrab popcorn bucket,1,1,0,0,0,1,2,0,0,0,0,0
DCL:1eating popcorn,1,1,0,0,0,1,2,0,0,0,0,0
fs-KERNEL,1,1,0,0,0,1,2,0,0,0,0,0
DCL:5-Cshuffle around kernals in popcorn bucket,1,1,0,0,0,1,2,0,0,0,0,0
DCL:crvd-5reach into bucket of popcorn/eat popcorn,1,1,0,0,0,1,2,0,0,0,0,0
fs-IS,1,0,0,0,0,1,0,0,0,0,0,0
SCL:5football players wrestling,1,0,1,0,0,0,1,2,0,0,0,0
DCL:5crowd of fans,1,0,1,0,0,0,1,2,0,0,0,0
EXPERIMENT,1,1,0,0,0,2,1,0,0,0,0,0
DCL:Bdifferent sided path,1,1,0,0,0,2,1,0,0,0,0,0
PONDER,1,0,0,0,0,1,0,0,0,0,0,0
fs-L,1,0,0,0,0,1,0,0,0,0,0,0
TWENTY-FIVE,1,0,0,0,0,1,0,0,0,0,0,0
EARLY,1,0,0,0,0,1,0,0,0,0,0,0
MIDDLE,1,0,0,0,0,1,0,0,0,0,0,0
SCL:V/2look me up and down,1,0,0,0,0,1,0,0,0,0,0,0
PCLpeople sit and stare,1,1,0,0,0,0,2,0,0,0,0,0
BOOK_2,1,1,0,0,0,0,2,0,0,0,0,0
BCL:lick hand,1,1,0,0,0,0,2,0,0,0,0,0
fs-PAGES,1,1,0,0,0,0,2,0,0,0,0,0
ICL:B-Lflip pages,1,1,0,0,0,0,2,0,0,0,0,0
DCL:1point and pee,1,0,0,0,0,2,2,0,0,0,0,0
SWALLOW,1,0,0,0,0,1,0,0,0,0,0,0
POSS:i,1,0,0,0,0,1,0,0,0,0,0,0
HABIT_2,1,0,0,0,0,1,0,0,0,0,0,0
BCL:crvd-5frozen body reaction,1,1,0,0,0,1,0,0,0,0,0,0
BUOY,1,2,0,0,0,3,0,0,0,0,0,0
SHOW-2p,1,1,0,0,0,1,0,0,0,0,0,0
fs-STADIUM,1,0,1,0,0,2,2,1,0,0,0,0
FANS,1,0,1,0,0,2,2,1,0,0,0,0
ICL:F/9hold page of a book,1,2,0,0,0,2,2,0,0,0,0,0
CLOSE-BOOK,1,2,0,0,0,2,2,0,0,0,0,0
PLACE:k,1,2,0,0,0,3,0,0,0,0,0,0
alt.POSS-3p:k/j/i,1,2,0,0,0,3,0,0,0,0,0,0
ns-fs-ENNIS,1,0,0,0,0,1,0,0,0,0,0,0
GREAT,1,0,0,0,0,1,0,0,0,0,0,0
ICL:F/9quickly flip pages,1,1,0,0,0,1,0,0,0,0,0,0
ICL:F/9slowly flip pages,1,1,0,0,0,1,0,0,0,0,0,0
DCL:5emit waste quietly,1,0,0,0,0,1,0,0,0,0,0,0
SCL:1came back,1,0,0,0,0,1,0,0,0,0,0,0
fs-HANGUPS,1,0,0,0,0,1,0,0,0,0,0,0
SUN_2,1,1,0,1,0,1,0,0,0,0,0,0
BALD_2,1,2,0,1,0,0,0,0,0,0,0,0
5oh no!,1,1,1,0,0,0,0,0,0,0,0,0
DCL:S-5fire starting,1,1,1,0,0,0,1,0,0,0,0,0
DISH,1,1,0,0,0,1,2,0,0,0,0,0
OCEAN,1,2,1,2,1,0,0,0,0,0,0,0
alt.MAD,1,1,1,0,0,0,1,0,0,0,0,0
SWIM-continuative,1,0,0,0,0,0,0,0,0,0,0,0
fs-GUEST,1,0,0,0,1,0,0,1,0,0,0,0
TAKE-OUT,1,1,0,0,1,0,1,0,0,0,0,0
GATHER,1,1,0,1,0,0,0,1,0,0,0,0
DCL:Clogs,1,1,0,1,0,0,0,1,0,0,0,0
WOOD,1,1,0,1,0,0,0,1,0,0,0,0
IX-1p-pl-circle,1,1,1,1,0,0,1,0,0,0,0,0
MOST-SKILLED,1,1,1,2,0,0,0,1,0,0,0,0
SCL:5deflated tire,1,1,0,0,0,0,0,0,0,0,0,0
ns-fs-SILBER,1,0,1,0,1,0,0,0,0,0,0,0
CRACK,1,1,0,0,0,0,0,0,0,0,0,0
DOOR,1,1,0,0,0,0,0,1,0,0,0,0
QUIT,1,0,1,0,0,0,0,0,0,0,0,0
SILLY,1,1,0,0,0,0,0,0,0,0,0,0
STRING,1,1,0,0,0,0,0,0,0,0,0,0
(nd-1)LOOK-AROUND,1,0,0,2,2,0,0,0,0,0,0,0
EVERY-MORNING,1,1,0,0,1,0,0,0,0,0,0,0
BCL:bent-Bsound asleep,1,0,0,0,0,0,0,0,0,0,0,0
(L-X)POSS-1p,1,1,1,1,1,0,0,0,0,0,0,0
DCL:4many people staring,1,0,0,2,1,0,0,0,0,0,0,0
SCRIMMAGE,1,0,1,1,0,0,0,0,0,0,0,0
(baby-O)BY-A-HAIR,1,0,1,1,0,0,0,0,0,0,0,0
BEAT,1,0,1,1,0,0,0,0,0,0,0,0
TWENTY-EIGHT,1,0,1,1,0,0,0,0,0,0,0,0
OVER-IT,1,0,0,0,0,0,1,0,0,0,0,0
DCL:crvd-Vswitch seats,1,0,0,0,0,0,1,0,0,0,0,0
BCL:bent-B-Ldo nothing,1,1,0,0,0,0,0,0,0,0,0,0
(crvd-L)POSS-1p,1,0,0,0,0,0,0,0,0,0,0,0
fs-GOOGLE,1,0,0,1,0,0,0,0,0,0,0,0
fs-CHROME,1,0,0,1,0,0,0,0,0,0,0,0
DCL:X-over-thumbtip hat,1,0,0,0,2,2,0,0,0,0,0,0
i:CALL-ON-RELAY/VRS-1p,1,1,0,0,0,0,0,0,0,0,0,0
fs-BAD,1,1,0,0,0,0,0,0,0,0,0,0
SICK-continuative,1,1,0,0,1,0,1,0,0,0,0,0
FLIP-FLOP,1,1,0,0,1,0,1,0,0,0,0,0
AGE-TWENTY-ONE_2,1,0,1,0,0,0,0,0,0,0,0,0
TROUNCE,1,2,0,0,0,0,0,0,0,0,0,0
(fanned-flat-O)POSS-1p,1,1,0,0,0,1,0,0,0,0,0,0
i:BAWL-OUT-distributive-3p-pl-arc,1,0,0,1,1,1,0,2,0,0,0,0
REMOTE,1,0,1,1,2,0,0,0,0,0,0,0
VIDEO-PHONE,1,0,1,1,2,0,0,0,0,0,0,0
TEXTING,1,0,1,1,2,0,0,0,0,0,0,0
DCL:crvd-Bbucket,1,2,1,1,0,0,0,0,0,0,0,0
DCL:B-Lfill bucket,1,2,1,1,0,0,0,0,0,0,0,0
ICL:crvd-Bmove bucket,1,2,1,1,0,0,0,0,0,0,0,0
DCL:S-5throw fish in bucket,1,2,1,1,0,0,0,0,0,0,0,0
DCL:5-Ceyes falling out,1,1,1,0,0,1,0,1,0,0,0,0
fs-COMEDY,1,0,0,2,1,0,0,0,0,0,0,0
5why not,1,1,0,0,0,1,0,0,0,0,0,0
SCLperson passed out,1,1,0,0,0,0,0,0,0,0,0,0
SCL:bent-Bflat land,1,1,0,0,1,0,0,0,0,0,0,0
TRAFFIC_2,1,1,1,0,1,0,0,0,0,0,0,0
CRY,1,2,0,0,2,0,0,0,0,0,0,0
DCL:Xskiing back and forth,1,1,0,0,0,1,0,0,0,0,0,0
MEET-3p-pl-arc,1,2,1,1,2,0,0,1,0,0,0,0
1p-MEET-3p-pl-arc,1,1,0,1,0,0,0,0,0,0,0,0
ICL:Xuse spray cans,1,1,2,1,0,0,0,0,0,0,0,0
TORTURE_2,1,1,2,1,0,0,0,0,0,0,0,0
SWITCH,1,1,1,1,0,0,0,0,0,0,0,0
CLICK,1,1,1,1,1,0,0,0,0,0,0,0
fs-SITES,1,1,1,1,1,0,0,0,0,0,0,0
fs-EXTRA,1,1,0,1,1,0,0,0,0,0,0,0
EYES,1,1,1,1,1,0,0,1,0,0,0,0
BCL:crvd-5eyes pop out,1,1,1,1,1,0,0,1,0,0,0,0
ns-ASIA,1,2,0,2,2,0,0,0,0,0,0,0
SCL:V/2look around and around,1,1,0,0,1,0,0,0,0,0,0,0
1p-INFORM:j,1,1,0,1,0,0,0,0,0,0,0,0
AGE-TWENTY-ONE,1,2,1,0,1,0,1,0,0,0,0,0
SCL:Xcatch fish,1,2,1,0,1,0,0,0,0,0,0,0
fs-BUCKET,1,2,1,0,1,0,0,0,0,0,0,0
ICL:B-Lbring over bucket,1,2,1,0,1,0,0,0,0,0,0,0
SCL:1throw fish in bucket,1,2,1,0,1,0,0,0,0,0,0,0
SCL:crvd-Ulaying on side,1,1,0,0,0,0,0,0,0,0,0,0
5pay attention,1,2,1,1,1,0,0,0,0,0,0,0
1p-SEND/MAIL:j,1,1,0,0,2,0,0,0,0,0,0,0
5listen up,1,1,0,0,0,0,0,1,0,0,0,0
DCL:4many people look at me,1,1,0,0,0,0,0,1,0,0,0,0
THUMBS-UP/GOOD,1,1,0,0,1,0,0,0,0,0,0,0
(5)CRAZY,1,2,2,0,0,0,0,0,0,0,0,0
FUN,1,1,0,0,0,0,0,0,0,0,0,0
GIVE:i,1,1,0,0,0,0,0,0,0,0,0,0
DCL:Cclouds moving in,1,1,0,0,0,0,0,0,1,0,0,0
DCL:U/Hgroup laying down to tan,1,1,0,0,0,0,0,0,0,0,0,0
SHUT,1,1,0,1,0,0,0,0,0,0,0,0
TRACE-PATH,1,0,1,0,0,0,0,0,0,0,0,0
DCL:5long hair,1,0,1,0,1,0,0,0,0,0,0,0
DCL:5roughhouse,1,2,0,0,0,0,0,2,0,0,0,0
i:GIVE-2p,1,1,0,0,0,0,0,0,0,0,0,0
DISCUSS-INTENSELY,1,1,0,0,0,0,0,0,0,0,0,0
STAMP,1,1,0,0,0,0,0,1,0,0,0,0
DCL:U/Hhorse galloping,1,2,1,1,0,0,0,0,0,0,0,0
TWO_2,1,1,2,0,0,0,1,0,0,0,0,0
SUGGEST-1p,1,1,1,0,1,0,0,0,0,0,0,0
fs-HP,1,1,0,0,1,0,0,1,0,0,0,0
SEVENTH,1,1,0,0,1,0,0,1,0,0,0,0
GIVE:j,1,1,0,1,0,1,0,1,0,0,0,0
CHALLENGE-arc,1,0,0,0,0,1,0,0,0,0,0,0
fs-MANILA,1,1,0,0,0,1,0,0,0,0,0,0
DCL:1envelope,1,1,0,0,0,1,0,0,0,0,0,0
DCL:B-Llick envelope,1,2,0,0,0,2,0,0,0,0,0,0
STICKY,1,2,0,0,0,2,0,0,0,0,0,0
DCL:open-8sticky part of envelope,1,2,0,0,0,2,0,0,0,0,0,0
DCL:Atear open envelope,1,2,0,0,0,2,0,0,0,0,0,0
DCL:Atear open envelope slowly,1,2,0,0,0,2,0,0,0,0,0,0
CAUSE,1,0,0,0,0,1,0,0,0,0,0,0
PROPORTION,1,0,0,0,0,1,0,0,0,0,0,0
PAPER:i,1,1,0,0,0,2,0,0,0,0,0,0
PAPER:j,1,1,0,0,0,2,0,0,0,0,0,0
DCL:crvd-5noises in the air,1,0,0,0,0,1,1,0,0,0,0,0
fs-ROWDY,1,0,0,0,0,1,1,0,0,0,0,0
DCL:Atear open fast,1,1,0,0,0,1,0,0,0,0,0,0
ns-fs-ANGELA,1,1,1,0,0,1,1,0,0,0,0,0
ns-fs-PETRONESTRATIY,1,1,1,0,0,1,1,0,0,0,0,0
LIST-ORDER_2,1,0,1,0,0,1,1,0,0,0,0,0
fs-OBJECTS,1,0,1,0,0,1,1,0,0,0,0,0
IX-3p-pl-line,1,0,1,0,0,1,1,0,0,0,0,0
VARY_2,1,0,0,0,0,1,2,0,0,0,0,0
5discreet,1,0,0,0,0,1,2,0,0,0,0,0
DCL:cocked-Sclanging things,1,0,0,0,0,1,0,0,0,0,0,0
FORK,1,0,0,0,0,1,0,0,0,0,0,0
SURFACE,1,0,0,0,0,1,0,0,0,0,0,0
SCL:P/Kfork on table,1,0,0,0,0,1,0,0,0,0,0,0
DCL:Sclanging things,1,0,0,0,0,1,0,0,0,0,0,0
TEASE_2,1,0,0,0,0,1,1,0,0,0,0,0
fs-P,1,0,0,0,0,1,1,0,0,0,0,0
DCL:F/9holes on paper,1,0,0,0,0,1,1,0,0,0,0,0
fs-STYROFOAM,1,1,0,0,0,2,2,0,0,0,0,0
fs-CUP,1,1,0,0,0,2,2,0,0,0,0,0
CUP,1,1,0,0,0,2,2,0,0,0,0,0
DCL:Ccup,1,1,0,0,0,2,2,0,0,0,0,0
DCL:5too loud,1,1,0,0,0,2,2,0,0,0,0,0
DCL:baby-Owrite on chalkboard,1,1,0,0,0,2,2,0,0,0,0,0
OFF-POINT,1,0,0,0,0,1,0,0,0,0,0,0
DCL:Aopen and close drawer,1,0,0,0,0,1,0,0,0,0,0,0
DCL:Aopen drawer,1,0,0,0,0,1,0,0,0,0,0,0
5making noises,1,0,0,0,0,1,0,0,0,0,0,0
(5)SOCIAL/INTERACT_2,1,1,0,0,0,0,0,0,0,0,0,0
alt.WRONG,1,1,0,0,0,1,1,0,0,0,0,0
TRADE,1,1,0,0,0,1,1,0,0,0,0,0
DCL:flat-Orip paper quickly,1,0,0,0,0,1,0,0,0,0,0,0
SUFFER,1,1,1,1,0,0,0,0,0,0,0,0
fs-RISK,1,1,1,1,0,0,0,0,0,0,0,0
1p-ASK:i,1,0,0,0,0,0,0,0,0,0,0,0
AUTUMN,1,0,0,0,0,0,0,0,0,0,0,0
TEST_2,1,0,0,0,0,0,1,0,0,0,0,0
ORGANIZATION,1,0,1,0,0,0,0,0,0,0,0,0
PICK/CHOOSE-1p,1,0,0,0,1,0,0,0,0,0,0,0
HONOR,1,0,0,0,1,0,0,0,0,0,0,0
APPLY-1p,1,0,1,0,1,0,0,0,0,0,0,0
fs-TASKS,1,0,1,0,1,0,0,0,0,0,0,0
GET-IN,1,0,0,0,0,0,0,0,0,0,0,0
alt.FLY-BY-PLANE,1,0,0,0,0,0,0,0,0,0,0,0
PCL:5long line of cars,1,2,0,0,0,1,0,0,0,0,0,0
ALCOHOL,1,1,0,1,0,0,0,0,0,0,0,0
OFFICE,1,0,0,1,0,0,1,0,0,0,0,0
D,1,1,0,0,0,1,0,0,0,0,0,0
i:BLAME-1p,1,0,1,1,0,0,1,0,0,0,0,0
1p-LOOK:i,1,0,1,0,0,0,0,0,0,0,0,0
EMPTY-FROM-NOW-ON,1,1,0,1,1,0,0,0,0,0,0,0
fs-DRAMA,1,2,0,0,1,0,0,0,0,0,0,0
MATH,1,0,0,1,0,0,0,0,0,0,0,0
PROBLEM_2,1,0,0,1,0,0,0,0,0,0,0,0
alt.LONG-AGO,1,0,0,0,0,0,1,0,0,0,0,0
LONG-PAST,1,0,0,0,0,0,1,0,0,0,0,0
ns-nat-GERMANY,1,0,0,0,0,0,1,0,0,0,0,0
SAME_2,1,1,0,0,0,0,2,0,0,0,0,0
MAJOR:i,1,0,0,0,0,1,2,0,0,0,0,0
DCL:B-Labove the range,1,0,0,0,0,1,1,0,0,0,0,0
RANGE-arc,1,0,0,0,0,1,1,0,0,0,0,0
THOSE-TWO,1,0,0,0,0,1,2,0,0,0,0,0
fs-BARBARIC,1,0,1,0,0,0,0,0,0,0,0,0
DCL:B-Lovergoing with the range,1,0,1,0,0,1,1,2,0,0,0,0
MEANING-LIST,1,0,1,0,0,1,1,2,0,0,0,0
SPECIALTY,1,0,0,0,0,3,2,0,0,0,0,0
(W)WAY,1,0,0,0,0,3,2,0,0,0,0,0
HABIT_3,1,0,0,0,0,3,2,0,0,0,0,0
LCL:Bpathway:i,1,0,0,0,0,1,1,0,0,0,0,0
RUN-OUT,1,2,1,0,0,0,0,0,0,0,0,0
MALE-COUSIN,1,2,0,0,0,0,0,0,0,0,0,0
SCL:U-Lperson walking,1,2,1,0,0,0,0,0,0,0,0,0
BLANK-OUT,1,0,0,0,1,0,1,0,0,0,0,0
ICL:B-Lapplying suncreen,1,0,0,0,1,0,1,0,0,0,0,0
fs-SUNSCREEN,1,0,0,0,1,0,1,0,0,0,0,0
SCL:crvd-Wshoreline,1,1,1,1,1,0,1,0,0,0,0,0
SCL:3person walking at water’s edge,1,1,1,1,1,0,1,0,0,0,0,0
fs-MOOD,1,1,0,0,1,0,0,0,0,0,0,0
RAKE,1,1,0,0,0,0,0,0,0,0,0,0
fs-LOGS,1,1,0,0,0,0,0,0,0,0,0,0
FEED,1,1,0,0,0,0,0,0,0,0,0,0
5etcetera,1,0,0,0,0,0,0,0,0,0,0,0
BAKE/OVEN,1,1,1,0,1,0,0,0,0,0,0,0
HELP-1p,1,1,0,0,0,0,1,0,0,0,0,0
PET/SPOILED,1,3,0,1,1,0,0,0,0,0,0,0
fs-COLLARS,1,3,0,1,1,0,0,0,0,0,0,0
AFTERNOON_3,1,1,0,1,1,0,0,0,0,0,0,0
MAD,1,1,1,0,0,0,0,0,0,0,0,0
ns-fs-PARPF,1,0,0,0,0,1,0,0,0,0,0,0
STUDY_2,1,0,0,0,0,1,0,0,0,0,0,0
LIST-ORDER-IX,1,3,0,0,2,0,0,0,0,0,0,0
fs-LOUD,1,3,0,0,2,0,0,0,0,0,0,0
THEREFORE,1,1,0,0,0,2,0,0,0,0,0,0
ENCOURAGE,1,0,1,0,0,1,1,0,0,0,0,0
MOTIVATE,1,0,1,0,0,1,1,0,0,0,0,0
LONG-LIST_2,1,1,0,0,0,2,0,0,0,0,0,0
GHOST,1,0,0,1,0,0,0,0,0,0,0,0
fs-DISORDERED,1,1,0,0,0,2,0,0,0,0,0,0
DIE,1,0,0,0,0,1,0,0,0,0,0,0
fs-ZOMBIE,1,0,0,0,0,1,0,0,0,0,0,0
fs-PRESENCE,1,1,0,0,0,2,0,0,0,0,0,0
fs-IRRITATING,1,1,0,0,0,0,1,0,0,0,0,0
fs-V,1,0,0,1,0,0,0,0,0,0,0,0
WHIRL-TIME-PAST,1,0,0,0,0,1,0,1,0,0,0,0
PCL:5many studies,1,0,0,0,0,1,0,1,0,0,0,0
fs-IMPLY,1,0,0,0,0,0,0,0,0,0,0,0
BEHIND,1,0,0,0,0,0,0,0,0,0,0,0
fs-VALUE,1,0,0,0,0,0,0,0,0,0,0,0
fs-VENTRILOQUISM,1,0,0,0,0,1,0,0,0,0,0,0
fs-WITTY,1,1,0,0,0,2,0,0,0,0,0,0
SMOOTH,1,1,0,0,0,2,0,0,0,0,0,0
PERSONALITY,1,0,2,0,0,0,0,1,0,0,0,0
fs-SIZE,1,0,2,0,0,0,0,1,0,0,0,0
HEIGHT_2,1,0,2,0,0,0,0,1,0,0,0,0
fs-RACE,1,1,0,0,0,0,1,0,0,0,0,0
fs-GENDER,1,1,0,0,0,0,1,0,0,0,0,0
fs-SEXUAL,1,1,0,0,0,0,1,0,0,0,0,0
fs-BARITONE,1,1,0,0,1,2,0,0,0,0,0,0
STICK-ON-SURFACE,1,2,0,0,1,0,1,0,0,0,0,0
STICK-ON-THROAT,1,2,0,0,1,0,1,0,0,0,0,0
fs-PRINT,1,2,0,0,1,0,1,0,0,0,0,0
DCL:fanned-flat-Ovoice identity,1,2,0,0,1,0,1,0,0,0,0,0
(U-L)BUILD,1,0,1,1,0,0,0,0,0,0,0,0
WORSE,1,1,0,0,0,0,0,0,0,0,0,0
Clet's see,1,0,0,0,0,1,0,0,0,0,0,0
fs-PERSONA,1,0,0,0,0,1,0,0,0,0,0,0
fs-DIMWITTED,1,1,1,0,0,1,0,0,0,0,0,0
BEFORE,1,2,0,0,4,0,0,0,0,0,0,0
DECLINE_2,1,2,0,0,4,0,0,0,0,0,0,0
CONFIDENT,1,0,0,0,0,1,0,0,0,0,0,0
SCL:B-Ldeaf person,1,1,0,0,0,1,0,0,0,0,0,0
BELONG,1,1,0,0,0,1,0,0,0,0,0,0
SELF-3p-pl-arc,1,1,2,0,0,0,0,0,0,0,0,0
INDIVIDUAL-pl,1,1,2,0,0,0,0,0,0,0,0,0
(R)REFLECT,1,0,1,0,1,2,0,1,0,0,0,0
ns-fs-GILBERT,1,2,0,0,0,2,0,0,0,0,0,0
HANG-UP-PHONE,1,1,1,1,0,0,0,0,0,0,0,0
SCL:1person coming,1,1,0,0,0,0,0,0,0,0,0,0
(R)PLACE,1,0,0,1,0,1,0,0,0,0,0,0
LOCAL,1,0,0,1,0,1,0,0,0,0,0,0
AWKWARD,1,0,0,0,1,1,0,0,0,0,0,0
CONFLICT/INTERSECTION,1,0,0,0,0,0,0,0,0,0,0,0
fs-SWASHBUCKLING,1,0,0,0,1,2,0,0,0,0,0,0
ICLsword fight,1,0,0,0,1,2,0,0,0,0,0,0
MELT/SOLVE,1,2,3,1,1,0,0,0,0,0,0,0
DCL:Cventriloquist doll,1,0,0,0,0,1,0,0,0,0,0,0
ICL:Ctalking doll,1,0,0,0,0,1,0,0,0,0,0,0
SCL:Cdoll personality,1,0,0,0,0,1,0,0,0,0,0,0
fs-PITCH,1,1,0,0,0,0,2,0,0,0,0,0
MICROPHONE,1,1,0,0,0,0,2,0,0,0,0,0
5concession,1,2,0,0,0,1,0,0,0,0,0,0
WAVE-HELLO,1,0,0,0,2,1,1,0,0,0,0,0
ns-fs-SHARPOVA,1,1,0,0,0,1,0,0,0,0,0,0
ns-fs-NADAL,1,1,0,0,0,1,0,0,0,0,0,0
ns-fs-SELES,1,1,0,0,0,1,0,0,0,0,0,0
ns-fs-CONTRO,1,1,0,0,0,1,0,0,0,0,0,0
LOWERCASE/TINY,1,2,0,0,1,1,1,0,0,0,0,0
BPCL:bent-Bacceptable voice range,1,2,0,0,1,1,1,0,0,0,0,0
PCL:crvd-5people staring,1,2,0,0,0,0,0,0,0,0,0,0
ns-fs-HOWARD,1,1,0,0,0,2,0,0,0,0,0,0
DEMOCRAT,1,1,0,0,0,2,0,0,0,0,0,0
2004,1,1,0,0,0,2,0,0,0,0,0,0
fs-MUFFLE,1,3,0,0,0,1,0,0,0,0,0,0
fs-FEDERATION,1,1,0,0,0,1,0,0,0,0,0,0
fs-CODE,1,1,0,0,0,1,0,0,0,0,0,0
fs-CONDUCT,1,1,0,0,0,1,0,0,0,0,0,0
fs-IMPLICATION,1,1,1,1,0,4,1,2,0,0,0,0
EXCUSE,1,1,1,1,0,4,1,2,0,0,0,0
BPCL:V/2person giving a dirty look,1,1,1,1,0,4,1,2,0,0,0,0
fs-LOCKERS,1,1,1,0,1,2,0,0,0,0,0,0
LCL:1walk around the hallway,1,1,1,0,1,2,0,0,0,0,0,0
LCL:Bnext hallway over,1,1,1,0,1,2,0,0,0,0,0,0
LCL:1over there,1,1,1,0,1,2,0,0,0,0,0,0
fs-G,1,1,1,0,1,2,0,0,0,0,0,0
alt.DCL:fanned-Othroat grumble,1,1,1,0,1,2,0,0,0,0,0,0
BPCL:1overall voice measurement,1,0,0,1,0,1,0,0,0,0,0,0
fs-PRO,1,2,0,1,0,1,0,0,0,0,0,0
fs-LOCAL,1,2,0,1,0,1,0,0,0,0,0,0
ABANDON,1,0,0,0,0,1,0,0,0,0,0,0
MEMBER,1,1,0,0,1,1,0,0,0,0,0,0
CURIOUS,1,2,1,2,0,0,0,0,1,0,0,0
DCL:V/2walking around the hall,1,2,1,2,0,0,0,0,1,0,0,0
DIALOG,1,2,1,2,0,0,0,0,1,0,0,0
DCL:crvd-5grunting voices,1,2,1,2,0,0,0,0,1,0,0,0
GRUNT,1,0,0,0,0,1,0,0,0,0,0,0
ns-fs-BERNARD,1,0,0,0,0,0,0,0,0,0,0,0
ns-fs-BRAGG,1,0,0,0,0,0,0,0,0,0,0,0
fs-GRUNTAL,1,0,1,0,0,1,0,1,0,0,0,0
PIG,1,0,1,0,0,1,0,1,0,0,0,0
DCL:crvd-5two people fighting,1,2,0,0,1,0,1,0,0,0,0,0
fs-UN,1,2,0,0,0,2,1,0,0,0,0,0
PREVENT,1,2,0,0,0,2,1,0,0,0,0,0
DCL:fanned-Othroat grunts,1,2,0,0,1,1,0,0,0,0,0,0
COP,1,1,0,0,0,1,0,0,0,0,0,0
ARGUE,1,1,0,0,0,1,0,0,0,0,0,0
"5so, ok",1,0,0,0,0,1,0,0,0,0,0,0
SURPASS,1,0,0,0,0,3,0,0,0,0,0,0
ICL:Sheavy lifting,1,0,0,0,0,1,0,0,0,0,0,0
GYM,1,0,0,0,0,1,0,0,0,0,0,0
(5)of course,1,0,0,0,0,1,0,0,0,0,0,0
fs-NEWS,1,1,0,0,1,0,0,0,0,0,0,0
PCL:crvd-5people shocked/stare,1,1,0,0,1,0,0,0,0,0,0,0
fs-A,1,1,0,0,1,0,0,0,0,0,0,0
GOAL,1,1,0,0,1,0,0,0,0,0,0,0
DOWNHILL,1,1,0,0,1,0,0,0,0,0,0,0
ADMIT,1,0,2,1,0,1,0,1,0,0,0,0
DCL:fanned-flat-Obecoming upset,1,0,2,1,0,1,0,1,0,0,0,0
PCL:5students sit in an arc,1,2,0,1,0,1,0,0,0,0,0,0
UP-AHEAD,1,1,0,0,0,0,0,0,0,0,0,0
SAVE,1,1,0,0,0,0,0,0,0,0,0,0
PANTS_2,1,1,1,1,0,0,0,0,0,0,0,0
SCL:crvd-Vtwo people on tandem bicycle,1,1,1,0,0,0,0,1,0,0,0,0
ALL-NIGHT-TO-MORNING,1,1,0,1,0,0,0,1,0,0,0,0
ns-fs-DAN,1,1,0,0,1,0,0,0,0,0,0,0
LCL:bent-B-xdswallow fish,1,0,0,1,2,0,0,0,0,0,0,0
NEPHEW,1,1,0,1,0,0,0,1,0,0,0,0
DCLblinking lights on shoes,1,1,0,1,0,0,0,1,0,0,0,0
BUS,1,1,1,0,1,0,0,1,0,0,0,0
LCL:crvd-V/2person sit next to me,1,1,1,0,1,0,0,1,0,0,0,0
BUSY/BUSINESS,1,2,0,0,0,0,0,1,0,0,0,0
CLASS-pl,1,2,0,0,0,0,0,1,0,0,0,0
ns-fs-LAND-O-LAKES,1,1,1,1,0,0,0,0,0,0,0,0
ADULT-TALL-pl,1,2,0,0,0,0,0,0,0,0,0,0
MIDNIGHT,1,2,1,0,0,0,0,0,0,0,0,0
THREE_2,1,0,0,0,0,0,0,0,0,0,0,0
ns-fs-ROBERTS,1,1,0,1,0,0,0,0,0,0,0,0
fs-RANCH,1,1,0,1,0,0,0,0,0,0,0,0
LEMON,1,1,0,0,0,0,0,0,0,0,0,0
fs-MARGARINE,1,0,1,1,1,0,0,1,0,0,0,0
fs-CAKES,1,0,0,0,1,0,0,0,0,0,0,0
TOGETHER/GO-STEADY:j,1,1,1,0,0,0,0,0,0,0,0,0
1p-TELL-2p,1,1,0,0,1,0,1,1,0,0,0,0
POSTER,1,1,0,0,0,0,0,1,0,0,0,0
(Y)COUNTRY,1,0,1,1,0,0,0,0,0,0,0,0
DEPART:k,1,0,0,0,0,0,1,1,0,0,0,0
ns-fs-BEN,1,0,0,0,0,0,1,0,0,0,0,0
ns-fs-MAINE,1,0,0,1,1,0,0,1,0,0,0,0
DRIVE:i,1,0,0,1,1,0,0,1,0,0,0,0
ANNOUNCE,1,0,0,0,0,1,0,0,0,0,0,0
SCL:V/2two people coming,1,1,0,0,0,0,1,0,0,0,0,0
alt.FANCY,1,0,0,0,0,0,1,0,0,0,0,0
SCL:3big car,1,0,0,0,0,0,1,0,0,0,0,0
MAN_2,1,1,1,1,0,0,0,0,0,0,0,0
SEPT,1,0,1,0,1,0,0,0,0,0,0,0
ns-fs-GEORGE-CLOONEY,1,1,0,0,0,0,0,0,0,0,0,0
5-C-LI don't know,1,0,0,1,1,0,1,0,0,0,0,0
BOAT_2,1,1,0,1,0,0,0,0,0,0,0,0
B-L:I don't know,1,2,0,0,0,0,0,0,0,0,0,0
OK-1p,1,1,0,1,0,0,0,0,0,0,0,0
INFORM-2p,1,0,0,0,0,1,0,1,0,0,0,0
POSTPONE,1,1,0,1,0,0,0,0,0,0,0,0
OPEN,1,1,1,0,0,0,0,0,0,0,0,0
DCL:Bpathway of orientation,1,0,0,0,0,0,1,0,0,0,0,0
DCL:Bpathway of audiovocal,1,0,0,0,0,0,1,0,0,0,0,0
PARALLEL,1,0,0,0,0,0,1,0,0,0,0,0
fs-VISION,1,1,0,0,0,2,1,0,0,0,0,0
fs-TYRANNY,1,1,0,0,0,2,1,0,0,0,0,0
DCL:flat-Oput it collectively,1,0,0,0,0,1,0,0,0,0,0,0
fs-SOCIAL,1,0,0,0,0,1,1,0,0,0,0,0
MEDICINE,1,0,0,0,0,1,1,0,0,0,0,0
DCL:bent-1switch to this pathway,1,0,0,0,0,1,1,0,0,0,0,0
fs-SENSES,1,0,0,0,0,2,1,0,0,0,0,0
fs-SENSE,1,0,0,0,0,2,1,1,0,0,0,0
UNDER,1,0,0,0,0,2,1,1,0,0,0,0
BECAUSE,1,0,0,0,0,1,0,0,0,0,0,0
GRADUAL-IMPROVE,1,0,0,0,0,2,0,2,0,0,0,0
DCL:bent-1length of time,1,0,0,0,0,1,0,0,0,0,0,0
2p-MEET:i,1,1,0,0,1,0,1,0,0,0,0,0
BCL:Cshowing off pectorals,1,1,0,0,0,0,1,0,0,0,0,0
ns-fs-POTTER,1,3,2,0,0,0,0,0,0,0,0,0
ns-CALIFORNIA_2,1,1,0,1,0,0,0,0,0,0,0,0
DCLflat tract ofland,1,1,0,0,0,0,0,0,0,0,0,0
DCL:V/2horse running,1,1,0,0,0,0,0,0,0,0,0,0
DCL:1Bob approaching her,1,1,0,0,0,0,0,0,0,0,0,0
SCL:1person,1,1,0,0,0,0,0,0,0,0,0,0
DCL:1two people approaching each other,1,1,0,0,1,0,0,0,0,0,0,0
(nd-5)HIT,1,1,0,0,0,1,1,0,0,0,0,0
(1)SEND:j,1,2,0,0,1,0,0,0,0,0,0,0
fs-PIE,1,1,0,0,2,0,0,0,0,0,0,0
ns-fs-BOB:j,1,1,0,0,0,0,0,0,0,0,0,0
j:SCL:1Bob meets his girlfriend:i,1,1,0,0,0,0,0,0,0,0,0,0
SCLDonna,1,1,0,1,0,0,0,0,0,0,0,0
SCLJessica,1,1,0,1,0,0,0,0,0,0,0,0
DCLflat tract of land,1,0,0,0,1,0,0,0,0,0,0,0
DCL:U-Lcow running,1,0,0,0,1,0,0,0,0,0,0,0
(1)SEND/MAIL,1,1,0,0,0,0,0,0,0,0,0,0
j:MEET:i,1,1,0,0,0,0,0,0,0,0,0,0
OPEN-BOOK,1,0,0,0,1,0,0,0,0,0,0,0
DCLswirling,1,1,0,0,0,0,0,0,0,0,0,0
SWIRLING,1,0,0,0,0,0,0,0,0,0,0,0
DCLdescribing the land,1,2,0,0,0,0,1,0,0,0,0,0
DCL:1bride and groom meet,1,2,0,0,0,0,0,0,0,0,0,0
ALL-NIGHT_3,1,2,0,0,0,0,0,0,0,0,0,0
SMIRK,1,0,1,0,1,0,0,0,0,0,0,0
ns-ITALY,1,2,0,1,0,0,0,0,0,0,0,0
UGLY,1,0,0,0,1,1,0,0,0,0,0,0
DAUGHTER,1,2,0,0,0,0,0,0,0,0,0,0
fs-TREAT,1,0,0,2,0,0,0,0,0,0,0,0
ns-nat-JAMAICA,1,2,0,0,0,0,0,0,0,0,0,0
DEAF-APPLAUSE,1,1,0,1,1,0,0,0,0,0,0,0
DELETE_3,1,1,0,1,0,0,0,0,0,0,0,0
PAINT,1,1,1,0,0,0,0,1,0,0,0,0
fs-CAVIAR,1,0,1,0,0,0,0,1,0,0,0,0
VISIT_2,1,0,1,1,0,0,0,0,0,0,0,0
(R)BEST-FRIEND,1,0,1,1,0,0,0,0,0,0,0,0
alt.SEARCH-FOR,1,0,0,0,0,0,0,0,0,0,0,0
SCL:Xman walking,1,1,0,0,2,0,0,0,0,0,0,0
ICL:flat-Oholding money,1,1,0,0,2,0,0,0,0,0,0,0
ICL:flat-Opocketing money,1,1,0,0,2,0,0,0,0,0,0,0
5awestruck,1,1,1,1,0,0,0,0,0,0,0,0
ns-fs-ANN,1,1,1,1,1,0,0,0,0,0,0,0
BIRD,1,1,1,1,1,0,0,0,0,0,0,0
ICL:X-over-thumbeating out of a bowl,1,1,1,1,1,0,0,0,0,0,0,0
COURSE,1,1,0,0,0,0,0,0,0,0,0,0
DCL:B-Lstack of books,1,0,1,1,0,0,0,0,0,0,0,0
fs-OFFICE,1,0,1,1,0,0,0,0,0,0,0,0
REPAIR_2,1,1,1,0,0,0,0,0,0,0,0,0
ns-SEATTLE,1,1,0,0,0,0,0,0,0,0,0,0
PCL:5people moving around,1,1,0,0,0,0,0,0,0,0,0,0
ns-fs-DEMI-MOORE,1,0,0,1,0,1,0,0,0,0,0,0
ns-fs-BRUCE-WILLIS,1,0,0,1,0,1,0,0,0,0,0,0
TOUGH,1,1,0,0,0,0,0,0,0,0,0,0
CHAPTER,1,1,1,0,0,0,1,1,0,0,0,0
PRICE,1,0,1,0,1,0,0,0,0,0,0,0
THOUSAND,1,0,1,0,1,0,0,0,0,0,0,0
PAINT_2,1,1,0,0,2,0,0,1,0,0,1,0
ESCAPE,1,0,0,0,1,1,0,0,0,0,0,0
SCL:1mouse scurries,1,0,0,0,1,1,0,0,0,0,0,0
SCL:crvd-Vcat chases mouse,1,0,0,0,1,1,0,0,0,0,0,0
SCL:crvd-Vcat jumps up onto the table,1,0,0,0,1,1,0,0,0,0,0,0
ns-fs-JASON,1,1,0,0,0,0,0,0,0,0,0,0
PICTURE,1,1,0,0,0,0,0,0,0,0,0,0
LCL:1dress over there,1,1,1,0,1,0,0,0,0,0,0,0
3contemplation,1,1,1,0,1,0,0,0,0,0,0,0
BROCCOLI,1,2,0,1,1,0,1,0,0,0,0,0
VISIT-1p,1,1,1,1,0,0,0,0,0,0,0,0
fs-UPSET,1,1,0,0,0,0,0,0,0,0,0,0
SANDWICH_4,1,1,0,0,1,0,0,0,0,0,0,0
ICL:tight-Ceating sandwich,1,1,0,0,1,0,0,0,0,0,0,0
5wait,1,0,0,1,0,1,0,0,0,0,0,0
"5hey, no",1,0,1,1,1,0,0,0,0,0,0,0
2p-HELP-1p,1,0,1,0,0,1,0,0,0,0,0,0
CRASH_2,1,1,0,1,2,0,0,0,0,0,0,0
fs-PANIC,1,1,0,1,2,0,0,0,0,0,0,0
TIRE,1,0,1,0,1,0,0,0,0,0,0,0
ns-fs-AAA,1,0,1,0,1,0,0,0,0,0,0,0
MELON/PUMPKIN,1,1,0,0,0,0,0,0,0,0,0,0
ns-fs-TJ,1,1,0,0,0,0,0,0,0,0,0,0
JUICE,1,1,0,0,0,0,0,0,0,0,0,0
ns-nat-CHINA,1,1,1,0,0,0,0,0,0,0,0,0
PRINCE,1,0,0,0,1,0,0,0,0,0,0,0
ns-fs-CHARLES,1,0,0,0,1,0,0,0,0,0,0,0
PHYSICS,1,1,0,0,0,0,0,0,0,0,0,0
PURPLE,1,0,1,0,0,0,0,0,0,0,0,0
(5)DEPRESS,1,1,0,0,0,0,0,0,0,0,0,0
fs-MAC,1,1,1,0,0,0,0,0,0,0,0,0
FORGET,1,0,0,0,1,0,0,0,0,0,0,0
ns-fs-GLOBE,1,0,1,0,0,0,0,0,0,0,0,0
Lwell,1,2,0,1,0,0,0,0,0,0,0,0
DCL:I-L-Yflying back and forth,1,2,0,1,0,0,0,0,0,0,0,0
5what's going on?,1,0,1,0,0,0,0,1,0,0,0,0
BOOK-pl,1,0,1,0,0,0,0,1,0,0,0,0
MEAT,1,0,1,0,0,0,0,0,0,0,0,0
1p-MEET:i/j/k/l,1,1,1,2,0,0,0,0,0,0,0,0
GOLD/ns-CALIFORNIA,1,2,2,2,1,0,0,0,0,0,0,0
DCL:G/Qcircular bracelet,1,2,2,2,1,0,0,0,0,0,0,0
(1)REPORT,1,0,1,1,0,0,0,0,0,0,0,0
THURSDAY,1,0,0,1,0,0,0,0,0,0,0,0
LCL:B-Lsky up there,1,0,0,0,1,0,0,0,0,0,0,0
SHINE_2,1,0,0,0,1,0,0,0,0,0,0,0
GRAB,1,0,1,1,0,0,0,0,0,0,0,0
PLEASE/ENJOY,1,1,0,0,0,0,0,0,0,0,0,0
SCL:sml-C/3recieve DVD,1,0,0,1,2,0,0,1,0,0,0,0
DCL:sml-C/3DVD,1,0,0,1,2,0,0,1,0,0,0,0
SCRAPE,1,0,0,1,2,0,0,1,0,0,0,0
PARK,1,1,0,1,0,0,0,0,0,0,0,0
STOPLIGHT,1,1,0,1,0,0,0,0,0,0,0,0
RELATIONSHIP,1,0,0,0,0,0,0,0,0,0,0,0
LCL:5-Cthree computers next to each other,1,0,1,0,0,0,0,0,0,0,0,0
MORMON,1,1,2,1,0,0,0,0,0,0,0,0
i:CALL-BY-PHONE:j,1,1,2,0,0,0,0,0,0,0,0,0
DCL:G/Qeat sushi,1,1,1,1,0,0,0,0,0,0,0,0
FINGERS-CROSSED,1,1,1,1,0,0,0,0,0,0,0,0
(sml-C/3)VOMIT,1,1,1,1,0,0,0,0,0,0,0,0
BUSTED,1,2,0,1,2,0,0,0,0,0,0,0
PUNCH,1,1,1,0,1,1,0,1,0,0,0,0
(L-X)SMALL,1,0,1,0,0,0,0,1,0,0,0,0
fs-CITY,1,0,1,0,0,0,0,1,0,0,0,0
GIVE-distributive,1,0,0,1,0,0,0,0,0,0,0,0
DCL:S-5throw out of plane,1,2,0,1,0,0,0,0,0,0,0,0
FALL-IN-LOVE,1,0,0,2,0,0,0,0,0,0,0,0
CRISIS,1,1,0,0,0,0,1,0,0,0,0,0
ns-fs-GREATECHWAECH,1,1,0,0,0,2,1,0,0,0,0,0
IX-3p:n,1,1,0,0,0,2,1,0,0,0,0,0
ns-fs-IOWANS,1,1,0,0,0,2,1,0,0,0,0,0
fs-ABUSE,1,1,0,0,0,2,1,0,0,0,0,0
C,1,1,0,0,0,2,1,0,0,0,0,0
IX-loc:m,1,0,0,0,0,1,0,0,0,0,0,0
DCL:crvd-Babove or below voice range,1,0,0,0,0,2,1,0,0,0,0,0
1tracing sentence,1,0,0,0,0,3,3,0,0,0,0,0
NARROW-STREET,1,0,0,0,0,1,0,0,0,0,0,0
DCL:bent-B-Labove and below the voice range,1,0,0,0,0,1,1,0,0,0,0,0
fs-BEING,1,0,0,0,0,1,1,0,0,0,0,0
DCL:crvd-5list of alphabet,1,0,0,0,0,3,2,0,0,0,0,0
DCL:sml-C/3morpheme word,1,0,0,0,0,3,2,0,0,0,0,0
ns-fs-MINN,1,0,0,0,0,2,2,0,0,0,0,0
DEAF_2,1,0,0,0,0,2,2,0,0,0,0,0
fs-ABC,1,0,0,0,0,2,2,0,0,0,0,0
LIST-ORDER_3,1,0,0,0,0,1,0,0,0,0,0,0
5around here,1,1,1,1,0,0,0,0,0,0,0,0
ICL:Swashing car,1,1,1,1,0,0,0,0,0,0,0,0
ICL:Swash car,1,1,1,1,0,0,0,0,0,0,0,0
SMILE,1,1,0,0,0,1,0,0,0,0,0,0
GOLF,1,0,1,0,1,0,0,0,0,0,0,0
BCLreading book,1,1,0,0,0,0,0,0,0,0,0,0
fs-OJ,1,0,0,0,0,0,1,0,0,0,0,0
GRANDMOTHER,1,0,0,0,0,0,1,0,0,0,0,0
ICL:X-over-thumbeating,1,0,2,1,1,0,0,0,0,0,0,0
ALL-GONE,1,0,2,1,1,0,0,0,0,0,0,0
DCL:25missing page,1,0,1,0,0,0,0,0,0,0,0,0
PADDLE/CANOE,1,1,0,1,1,0,0,0,0,0,0,0
5oh man,1,1,1,0,0,0,0,0,0,0,0,0
BEAR,1,1,0,0,0,0,0,0,0,0,0,0
DCL:crvd-Bsize of bear,1,1,0,0,0,0,0,0,0,0,0,0
LCL:3parked car,1,1,1,1,1,0,0,0,0,0,0,0
HIT_2,1,1,1,1,1,0,0,0,0,0,0,0
L-XI don't know,1,1,1,1,1,0,0,0,0,0,0,0
LI don't know,1,1,1,1,1,0,0,0,0,0,0,0
5-C-Lthat's the way it is,1,1,1,0,0,0,0,0,0,0,0,0
RESPONSIBILITY,1,1,2,1,2,0,0,0,0,0,0,0
i:SEND/MAIL-1p,1,2,0,0,1,0,0,0,0,0,0,0
3come on,1,2,0,0,1,0,0,0,0,0,0,0
SCRATCH,1,2,0,0,1,0,0,0,0,0,0,0
aw man,1,2,0,0,1,0,0,0,0,0,0,0
i:CHASE:j,1,1,1,0,0,0,0,0,0,0,0,0
fs-GIFT,1,0,0,0,0,0,1,0,0,0,0,0
ASSAULT,1,1,0,1,0,0,0,0,0,0,0,0
i:SUE:j,1,1,0,1,0,0,0,0,0,0,0,0
5-C-Lout of my control,1,1,0,1,0,0,0,0,0,0,0,0
KICK-OUT,1,1,0,1,2,0,0,0,0,0,0,0
fs-GOLD,1,2,0,1,0,0,0,0,0,0,0,0
RUIN,1,1,1,0,0,0,0,0,0,0,0,0
SCL:V/2person rolling around,1,2,1,1,1,0,0,0,0,0,0,0
(L)LOTION,1,2,1,1,1,0,0,0,0,0,0,0
BPCL:B-Lrub on lotion,1,2,1,1,1,0,0,0,0,0,0,0
DCL:4people tanning,1,1,0,0,1,0,0,0,0,0,0,0
fs-PALE,1,1,0,0,1,0,0,0,0,0,0,0
REQUEST,1,1,1,0,0,0,0,0,0,0,0,0
DCL:4people gathering in a circle,1,1,1,0,3,0,0,0,0,0,0,0
fs-ACTION,1,1,0,1,1,0,0,0,0,0,0,0
SCL:V/2person sliding off tube,1,1,0,1,1,0,0,0,0,0,0,0
CARE:i,1,1,0,0,0,0,0,0,0,0,0,0
1p-GIVE-indef,1,2,0,0,1,0,0,0,0,0,0,0
SCL:V/2horse galloping,1,1,0,0,1,0,0,0,0,0,0,0
(nd-1)BEFORE,1,1,1,0,1,0,0,0,0,0,0,0
(5)THROW,1,1,0,0,0,0,0,0,0,0,0,0
fs-GLITTER,1,2,0,0,3,0,0,0,0,0,0,0
DCL:B-Llong hair,1,1,0,0,1,0,0,0,0,0,0,0
fs-SUPREME,1,1,0,0,1,0,0,0,0,0,0,0
LOCK,1,1,0,1,1,0,0,0,0,0,0,0
(nd-1)GATE,1,1,0,1,1,0,0,0,0,0,0,0
FOURTH,1,2,0,0,0,0,0,0,0,0,0,0
JULY,1,2,0,0,0,0,0,0,0,0,0,0
SCL:1one person approaching another,1,1,0,0,0,0,0,0,0,0,0,0
GOBBLE-UP,1,1,1,0,1,1,0,0,0,0,0,0
alt.CHEER,1,1,0,0,2,0,0,0,0,0,0,0
MOVE:i,1,0,0,0,0,0,0,0,0,0,0,0
Lso,1,0,0,0,1,0,0,0,0,0,0,0
BEFORE_3,1,0,0,0,1,0,0,0,0,0,0,0
WORRY,1,0,0,0,0,0,0,0,0,0,0,0
PROJECT,1,0,0,2,1,0,0,0,0,0,0,0
WEEKEND,1,0,1,1,1,0,0,0,0,0,0,0
i:MOVE:j,1,0,0,1,0,0,0,0,0,0,0,0
ONE-HOUR,1,0,0,1,0,0,0,0,0,0,0,0
NORTH,1,0,0,1,0,0,0,0,0,0,0,0
ns-NYC,1,0,0,0,0,0,0,0,0,0,0,0
SEVEN_2,1,0,0,0,0,0,0,0,0,0,0,0
THIRD,1,0,0,3,2,0,0,0,0,0,0,0
HAD-IT,1,0,0,3,2,0,0,0,0,0,0,0
(R)RETIRE,1,0,0,3,2,0,0,0,0,0,0,0
(rd)JUNIOR_3,1,0,0,1,0,0,0,0,0,0,0,0
SENIOR,1,0,0,1,0,0,0,0,0,0,0,0
TECHNOLOGY,1,0,0,1,0,0,0,0,0,0,0,0
WORTH,1,0,0,3,1,0,0,0,0,0,0,0
ns-RSD,1,0,0,0,0,0,0,0,0,0,0,0
ns-VT,1,2,0,1,0,0,0,0,0,0,0,0
fs-SPORTS,1,0,0,0,0,0,0,0,0,0,0,0
LESS-THAN,1,0,0,0,1,0,0,0,0,0,0,0
SEE-SEE,1,0,0,0,0,0,0,0,0,0,0,0
AGE-THIRTEEN,1,1,0,0,0,0,0,1,0,0,0,0
COUSIN,1,1,0,1,1,0,0,0,0,0,0,0
DCL:crvd-Lbagel,1,1,1,1,0,0,1,1,0,0,0,0
ICL:Ausing key,1,1,1,2,1,0,0,0,0,0,0,0
(3)WALK,1,0,1,1,0,0,0,0,0,0,0,0
DESTROY,1,0,1,1,0,0,0,0,0,0,0,0
ASK-1p,1,1,0,0,0,0,0,0,0,0,0,0
3um,1,1,1,0,0,0,0,0,0,0,0,0
TWENTY-EIGHT:i,1,2,0,0,0,0,0,0,0,0,0,0
ROLL-ON-FLOOR-LAUGHING,1,2,0,0,1,0,0,0,0,0,0,0
TIME-TWO,1,0,1,0,0,0,0,0,0,0,0,0
5oh,1,1,0,0,0,0,0,0,0,0,0,0
ns-CAROL,1,1,0,0,0,1,0,0,0,0,0,0
ns-fs-CAROL,1,1,0,0,0,1,0,0,0,0,0,0
BURST,1,0,1,1,1,0,0,0,0,0,0,0
FLIP-FLOP_2,1,1,0,0,1,0,0,0,0,0,0,0
ALL-YEARS-HS,1,1,0,0,1,0,0,0,0,0,0,0
WAKE-UP,1,1,0,0,1,0,0,0,0,0,0,0
WHIP,1,1,0,1,1,0,0,0,0,0,0,0
SATISFIED,1,1,0,1,1,0,0,0,0,0,0,0
DCL:L-Xdisc,1,1,0,0,1,1,0,0,0,0,0,0
CD,1,1,0,0,1,1,0,0,0,0,0,0
SCL:1describing a narrow road,1,0,0,1,0,0,0,0,0,0,0,0
DAY,1,1,1,0,1,0,0,1,0,0,0,0
ONE-MORE,1,1,1,0,1,0,0,1,0,0,0,0
ONE-WEEK_2,1,1,1,0,1,0,0,1,0,0,0,0
BREAKFAST,1,1,1,0,0,0,0,1,0,0,0,0
ns-TEXAS,1,0,0,0,0,0,1,2,0,0,0,0
LOSE-COMPETITION,1,0,0,0,0,0,1,2,0,0,0,0
SUNDAY_2,1,1,0,0,0,0,0,1,0,0,0,0
(H)THURSDAY,1,1,0,0,0,0,0,1,0,0,0,0
ns-fs-JOHN-STEWART,1,1,0,0,1,0,0,1,0,0,0,0
CAFETERIA,1,1,0,0,0,0,0,1,0,0,0,0
ns-fs-GEORGE-BUSH,1,2,0,0,0,0,0,1,0,0,0,0
5unsure,1,0,1,0,1,0,0,0,0,0,0,0
NEXT/UPCOMING,1,1,0,0,0,0,1,1,0,0,0,0
CHRISTMAS,1,1,0,0,0,0,1,1,0,0,0,0
SNOB,1,2,2,0,0,0,0,1,0,0,0,0
CHEAP,1,2,2,0,0,0,0,1,0,0,0,0
5that's it,1,2,2,0,0,0,0,1,0,0,0,0
ns-fs-MAYOR-BLOOMBERG,1,2,1,0,0,0,0,0,0,0,0,0
MORE-THAN,1,2,1,0,0,0,0,0,0,0,0,0
THATS-ALL,1,0,0,0,0,0,0,0,0,0,0,0
(W)WEATHER,1,2,0,0,0,0,0,2,0,0,0,0
BLAME,1,1,0,0,0,0,0,0,0,0,0,0
ns-fs-JANET,1,0,1,0,0,0,1,0,0,0,0,0
ns-fs-JANE,1,0,1,0,0,0,1,0,0,0,0,0
SCL:3bike crashing,1,0,0,1,1,0,1,0,0,0,0,0
SCL:3fall off bike,1,0,0,1,1,0,1,0,0,0,0,0
fs-GAZPACHO,1,1,0,0,1,0,0,1,0,0,0,0
5why is it so,1,1,0,0,1,0,0,1,0,0,0,0
AC,1,1,0,0,0,0,0,0,0,0,0,0
COOL,1,1,0,0,0,0,0,0,0,0,0,0
fs-PEOPLE,1,1,0,0,0,0,1,0,0,0,0,0
COMPUTER_2,1,2,0,0,0,1,0,1,0,0,0,0
EXTENSIVE-KNOWLEDGE,1,2,0,0,0,1,0,1,0,0,0,0
(P)UPSET,1,0,1,0,0,0,0,0,0,0,0,0
5hey no,1,0,2,1,2,0,0,0,0,0,0,0
ns-AMERICAN-AIRLINES,1,0,2,1,2,0,0,0,0,0,0,0
STRAIGHT,1,0,2,0,0,0,1,0,0,0,0,0
ns-fs-MIAMI,1,0,2,0,0,0,1,0,0,0,0,0
I don't know,1,0,0,0,0,0,0,1,0,0,0,0
j:CALL-BY-PHONE-1p,1,1,2,1,0,0,2,1,0,0,0,0
SEE:j,1,1,2,1,0,0,2,1,0,0,0,0
CALL-BY-PHONE:k,1,1,2,1,0,0,2,1,0,0,0,0
5of course,1,1,2,1,0,0,2,1,0,0,0,0
fs-HEIGHT,1,1,0,0,0,1,0,1,0,0,0,0
NOT-CARE,1,1,0,0,0,0,2,1,0,0,0,0
GRAD,1,0,0,1,0,0,0,0,0,0,0,0
fs-RESONANCE,1,0,1,0,0,0,0,0,0,0,0,0
DCL:crvd-5nasal,1,0,1,0,0,0,0,0,0,0,0,0
NOSE,1,0,1,0,0,0,0,0,0,0,0,0
ns-fs-SUBTELNY,1,1,1,0,0,0,0,1,0,0,0,0
SEVENTY-FIVE,1,1,1,0,0,0,0,1,0,0,0,0
PCL:4students go to NTID,1,1,1,0,0,0,0,1,0,0,0,0
ns-NTID,1,1,1,0,0,0,0,1,0,0,0,0
EVALUATE,1,1,1,0,0,0,0,1,0,0,0,0
LOOK-1p,1,0,0,0,1,0,0,0,0,0,0,0
LCL:Bthis way,1,0,1,0,0,0,0,0,0,0,0,0
MACHINE,1,2,0,0,0,0,0,0,0,0,0,0
GAMUT,1,0,1,1,0,0,0,0,0,0,0,0
RANGE/SPAN,1,0,1,1,0,0,0,0,0,0,0,0
(nd-3)FIRST-SECOND-THIRD-IN-LIST,1,0,0,1,0,0,0,0,0,0,0,0
SPEECH,1,0,0,1,0,0,0,0,0,0,0,0
DCL:crvd-Vsitting down,1,0,1,0,0,1,0,0,0,0,0,0
fs-DOING,1,0,1,0,0,1,0,0,0,0,0,0
IX-2p-pl-arc,1,0,0,0,0,0,0,0,0,0,0,0
fs-HUM,1,1,1,0,0,0,0,0,0,0,0,0
alt.DCL:Mhumming,1,1,1,0,0,0,0,0,0,0,0,0
5sheepish,1,0,0,0,0,0,1,0,0,0,0,0
SENTENCE,1,0,0,0,0,0,0,1,0,0,0,0
fs-STRATEGY,1,3,0,0,0,0,0,0,0,0,0,0
fs-AIR,1,3,0,0,0,0,0,0,0,0,0,0
OPPRESS,1,3,0,0,0,0,0,0,0,0,0,0
fs-VOCALIZATION,1,0,1,0,0,0,0,0,0,0,0,0
SCHEDULE,1,1,1,1,1,0,0,0,0,0,0,0
5out of her control,1,1,1,1,1,0,0,0,0,0,0,0
CLASS,1,1,1,1,1,0,0,0,0,0,0,0
ELEMENTARY,1,2,1,0,0,0,0,0,0,0,0,0
CENTER,1,2,1,0,0,0,0,0,0,0,0,0
ICL:baby-Owriting on the test,1,1,0,0,1,0,0,0,0,0,0,0
fs-REPORT,1,0,2,0,1,0,0,1,0,0,0,0
fs-CARD,1,0,2,0,1,0,0,1,0,0,0,0
LCL:1reading,1,0,2,0,1,0,0,1,0,0,0,0
fs-TENSE,1,0,0,0,0,0,0,0,0,0,0,0
PITCH,1,0,0,0,0,0,0,0,0,0,0,0
BUSINESS_2,1,1,0,0,0,1,0,0,0,0,0,0
INFORM-1p,1,2,0,0,0,1,0,0,0,0,0,0
fs-SIGH,1,2,0,0,0,0,0,0,0,0,0,0
fs-SOLICIT,1,1,0,0,2,0,0,0,0,0,0,0
alt.PULL,1,1,0,0,2,0,0,0,0,0,0,0
FEW,1,2,1,0,0,0,2,0,0,0,0,0
1p-MEET:i,1,1,2,2,0,1,0,1,0,0,0,0
DCLget test,1,0,1,1,0,0,0,0,0,0,0,0
DCLtalking about the test,1,0,1,1,0,0,0,0,0,0,0,0
DCL:flat-Oholding the test,1,1,0,0,0,0,0,0,0,0,0,0
DCL:flat-Omoving the test closer,1,1,0,0,0,0,0,0,0,0,0,0
5what the heck,1,1,0,0,1,0,0,0,0,0,0,0
POINT-TO,1,1,0,0,1,0,0,0,0,0,0,0
COME-ON,1,0,1,0,0,1,0,2,0,0,0,0
SCL:1teacher walking over,1,0,1,0,0,1,0,2,0,0,0,0
SCL:bent-Vsit down,1,0,1,0,0,1,0,2,0,0,0,0
BREATHE,1,0,0,0,0,0,0,0,0,0,0,0
DCL:Ctrying to breathe,1,0,0,0,0,0,0,0,0,0,0,0
alt.UNDERSTAND,1,0,0,0,0,0,1,0,0,0,0,0
(1)GENERATIONS-AGO,1,0,1,0,0,0,0,0,0,0,0,0
ns-fs-EDWARD,1,0,1,0,0,0,0,0,0,0,0,0
fs-HALL,1,0,1,0,0,0,0,0,0,0,0,0
FEEDBACK_3,1,0,0,0,0,0,0,0,0,0,0,0
5emphasis,1,0,0,0,0,0,0,0,0,0,0,0
(B)NEXT-TOPIC,1,0,0,0,0,1,0,0,0,0,0,0
SEPARATE,1,0,0,0,0,1,0,0,0,0,0,0
ns-AMERICA,1,0,0,0,0,0,0,0,0,0,0,0
EIGHTY-TWO,1,0,1,0,0,0,0,0,0,0,0,0
fs-ISSUE,1,1,0,0,0,0,0,0,0,0,0,0
ns-fs-DESDJ,1,1,0,0,0,0,0,0,0,0,0,0
VOL,1,1,0,0,0,0,0,0,0,0,0,0
NUMBER,1,1,0,0,0,0,0,0,0,0,0,0
TOTAL_3,1,0,0,0,0,0,0,0,0,0,0,0
fs-BRICOLAGE,1,0,0,0,0,0,0,0,0,0,0,0
DCL:5gathering information,1,0,0,0,0,0,0,0,0,0,0,0
ORGANIZE,1,0,0,0,0,0,0,0,0,0,0,0
THIS_2,1,0,0,0,1,0,0,0,0,0,0,0
SPECIFIC,1,0,0,0,1,0,0,0,0,0,0,0
ns-fs-JOHN:i,1,0,0,0,0,0,1,0,0,0,0,0
SAME-TIME,1,1,1,0,1,0,0,0,0,0,0,0
TIME-FOUR,1,1,1,0,0,0,0,0,0,0,0,0
(V/2)COME:j,1,1,0,1,0,0,0,0,0,0,0,0
PCL:V/2people walking,1,1,0,0,0,0,0,0,0,0,0,0
PACK,1,0,0,0,1,0,0,0,0,0,0,0
LIGHT-MATCH,1,0,0,0,1,0,0,0,0,0,0,0
FIRE,1,0,0,0,1,0,0,0,0,0,0,0
OPTION,1,0,0,0,0,0,0,0,0,0,0,0
COCHLEAR-IMPLANT,1,3,1,2,0,0,0,0,0,0,0,0
FOURTH-IN-LIST,1,3,1,2,0,0,0,0,0,0,0,0
CUED-SPEECH,1,3,1,2,0,0,0,0,0,0,0,0
FIFTH-IN-LIST,1,3,1,2,0,0,0,0,0,0,0,0
TRACK-PINKY,1,3,1,2,0,0,0,0,0,0,0,0
fs-INTIMIDATING,1,0,1,1,1,0,0,0,0,0,0,0
POWERFUL,1,1,0,0,0,0,0,0,0,0,0,0
NEXT-TOPIC,1,0,0,1,0,0,0,0,0,0,0,0
FOUR,1,0,0,0,4,0,0,0,0,0,0,0
PROVE,1,0,1,1,3,0,0,0,0,0,0,0
SCLmentor coming in,1,0,1,1,3,0,0,0,0,0,0,0
STUDY:i,1,0,1,1,3,0,0,0,0,0,0,0
STUDY:j,1,0,1,1,3,0,0,0,0,0,0,0
GROUP:i,1,0,1,1,3,0,0,0,0,0,0,0
GROUP:j,1,0,1,1,3,0,0,0,0,0,0,0
fs-JOURNEY,1,0,0,1,1,0,0,0,0,0,0,0
NEXT-GROUP,1,1,0,0,0,0,0,0,0,0,0,0
(5)RANGE,1,1,0,0,0,0,0,0,0,0,0,0
FAULT,1,0,0,0,0,0,0,0,0,0,0,0
LIST-ORDER-MIDDLE,1,1,1,1,0,0,0,0,0,0,0,0
ACCIDENT,1,1,1,1,0,0,0,0,0,0,0,0
ONE-WEEK,1,0,1,0,0,0,0,0,0,0,0,0
alt.ASK_2:i,1,0,1,0,0,0,0,0,0,0,0,0
fs-DIAGNOSIS,1,3,0,2,0,0,0,1,0,0,0,0
fs-TERMINAL,1,3,0,2,0,0,0,1,0,0,0,0
INCLUDE/INVOLVE:j,1,1,1,0,3,1,2,1,0,0,0,0
SCL:1deaf person meeting family,1,0,0,0,3,0,0,0,0,0,0,0
(rd)ENOUGH,1,0,0,0,3,0,0,0,0,0,0,0
SHOW:j,1,1,0,0,0,0,0,1,0,0,0,0
fs-IDENTIFIED,1,2,1,1,0,0,0,0,0,0,0,0
fs-CHILD,1,2,1,1,0,0,0,0,0,0,0,0
ns-D,1,0,0,1,0,0,0,0,0,0,0,0
GROUP,1,2,0,0,0,1,0,0,0,0,0,0
PROCEED_2,1,1,0,0,0,0,0,0,0,0,0,0
(nd-3)SECOND-IN-LIST,1,1,1,0,1,0,1,0,0,0,0,0
VISIT,1,1,1,0,1,0,1,0,0,0,0,0
SCL:1mentor meeting a deaf child,1,4,0,0,0,0,0,0,0,0,0,0
SCL:1mentor,1,4,0,0,0,0,0,0,0,0,0,0
PCL:4large group in circle,1,2,0,1,1,0,0,0,0,0,0,0
SIXTY,1,3,0,2,1,0,1,1,0,0,0,0
BACK-TO-TOPIC,1,3,0,2,1,0,1,1,0,0,0,0
fs-INVOLVEMENT,1,0,0,3,1,0,0,0,0,0,0,0
fs-RESOURCES,1,0,0,3,1,0,0,0,0,0,0,0
REMIND,1,1,0,0,1,0,0,0,0,0,0,0
(R)REFER,1,1,0,0,1,0,0,0,0,0,0,0
(nd-W)LIST-ORDER-RING,1,1,0,0,0,0,0,0,0,0,0,0
(nd-4)LIST-ORDER-PINKY,1,1,0,0,0,0,0,0,0,0,0,0
LIST-ORDER-THUMB,1,1,0,0,0,0,0,0,0,0,0,0
SUBLIMINAL-INFLUENCE,1,1,0,1,1,0,0,0,0,0,0,0
crvd-Byou see,1,1,0,1,1,0,0,0,0,0,0,0
WORD-pl,1,2,0,2,0,0,0,0,0,0,0,0
fs-WERE,1,0,1,0,1,0,0,0,0,0,0,0
DRUGS,1,1,2,1,1,0,0,1,0,0,0,0
BEHAVIOR,1,1,2,1,1,0,0,1,0,0,0,0
INTERRUPT:j,1,1,2,1,1,0,0,1,0,0,0,0
INTERRUPT:k,1,1,2,1,1,0,0,1,0,0,0,0
SCL:1doctor approaches parent,1,1,1,1,3,0,0,0,0,0,0,0
SCL:V/2doctor and nurse approach parent,1,1,1,1,3,0,0,0,0,0,0,0
fs-CRASHED,1,1,0,0,2,0,0,0,0,0,0,0
PCL:5coming in,1,0,0,3,1,0,0,0,0,0,0,0
VIDEOTAPE_2,1,0,0,3,1,0,0,0,0,0,0,0
INFORM:j,1,0,0,0,2,0,0,0,0,0,0,0
alt.DISAPPOINT,1,0,2,1,0,0,0,0,0,0,0,0
SCL:1mentor supporting family,1,0,0,0,0,0,0,0,0,0,0,0
EMOTION_2,1,1,1,0,1,0,3,1,0,0,0,0
fs-COG,1,1,0,1,2,0,1,0,0,0,0,0
Lyou see,1,1,0,1,0,0,0,0,0,0,0,0
LIST-NAMES,1,1,0,1,0,0,0,0,0,0,0,0
5-C-Lyou know,1,1,0,1,0,0,0,0,0,0,0,0
SAVE-MONEY,1,1,0,1,0,0,0,0,0,0,0,0
TWO-HUNDRED,1,1,0,0,0,1,0,0,0,0,0,0
SCL:Cclouds rolling in,1,1,1,0,0,0,0,0,0,0,0,0
FILL-OUT,1,0,1,0,1,0,0,0,0,0,0,0
IFwg,1,1,0,0,0,1,0,0,0,0,0,0
INSPIRE,1,1,0,0,0,1,0,0,0,0,0,0
fs-DOOR,1,1,1,0,1,0,0,0,0,0,0,0
Ix-loc:i,1,1,1,0,1,0,0,0,0,0,0,0
DCL:5backed up traffic,1,1,1,0,1,0,0,0,0,0,0,0
BPCL:Sfist pump,1,1,0,0,1,0,0,0,0,0,0,0
alt.SKI,1,0,1,0,0,1,0,1,0,0,0,0
IX-LOC:i,1,1,0,0,0,1,0,0,0,0,0,0
DCL:Olittle beads,1,0,1,0,0,1,1,0,0,0,0,0
DCL:Obeads all over,1,0,1,0,0,1,1,0,0,0,0,0
BERRY,1,1,1,0,1,1,0,0,0,0,0,0
DCL:X-over-thumbeat with two forks,1,1,1,0,1,1,0,0,0,0,0,0
SCL:V/2people tanning,1,1,0,1,0,0,0,0,0,0,0,0
SUN,1,1,0,1,0,0,0,0,0,0,0,0
ICL:tight-Csqueeze lotion,1,1,0,1,0,0,0,0,0,0,0,0
DCL:B-Lrub lotion,1,1,0,1,0,0,0,0,0,0,0,0
DCL:bent-Bapplying lotion,1,1,0,1,0,0,0,0,0,0,0,0
SCL:V/2horses running,1,0,0,0,0,1,1,2,0,0,0,0
GIVE,1,1,0,0,0,0,0,0,0,0,0,0
SCL:Cgroup go together,1,1,1,0,0,0,0,0,0,0,0,0
DCL:crvd-5give package,1,1,0,0,0,1,0,1,0,0,0,0
SCL:V/2running,1,1,0,1,1,0,1,0,0,0,0,0
PASS-OUT_3,1,1,0,1,1,0,1,0,0,0,0,0
BASEBALL,1,1,0,1,0,0,0,0,0,0,0,0
DCL:4many people look at them,1,0,0,0,1,0,0,0,0,0,0,0
CHAT:i,1,1,0,1,0,1,0,0,0,0,0,0
CHAT:k,1,1,0,1,0,1,0,0,0,0,0,0
DCL:crvd-5clouds coming,1,1,0,0,0,0,1,0,0,0,0,0
GO-BY-BOAT,1,2,2,0,1,0,1,0,0,0,0,0
SCL:V/2person flips off,1,2,2,0,1,0,1,0,0,0,0,0
WEEKEND_2,1,0,0,0,0,0,0,0,0,0,0,0
fs-WAVES,1,2,1,0,3,0,0,0,0,0,0,0
fs-SCOUT,1,1,1,0,3,0,0,0,0,0,0,0
5uh,1,0,1,0,0,0,0,0,0,0,0,0
(nd-1)NEXT-TO,1,2,0,0,0,0,0,1,0,0,0,0
PUNISH,1,1,0,0,0,0,0,1,0,0,0,0
DISMISS,1,1,0,0,0,0,0,1,0,0,0,0
FINGERSPELL,1,1,0,0,1,0,0,0,0,0,0,0
DOUBT-1p,1,0,0,2,1,0,0,0,0,0,0,0
MYSTERY,1,0,0,2,1,0,0,0,0,0,0,0
ns-fs-BUSTUN,1,0,1,0,0,0,0,0,1,0,0,0
PAY,1,1,0,1,0,0,0,0,0,0,0,0
REST,1,1,0,0,0,0,0,0,0,0,0,0
CREATE/PRETEND,1,1,1,0,0,0,0,1,0,0,0,0
BACK-OF-MIND,1,0,0,0,0,0,0,0,0,0,0,0
AUTOMATIC,1,0,0,0,0,0,0,0,0,0,0,0
ICLopening can,1,1,1,0,0,0,0,0,0,0,0,0
COLD_2,1,1,0,0,0,1,1,0,0,0,0,0
(1)TEMPERATURE-DROP,1,2,1,1,0,0,0,0,0,0,0,0
WASHING-MACHINE,1,0,0,1,0,0,0,0,0,0,0,0
DCLsmall box,1,1,1,0,0,0,0,0,0,0,0,0
SAD,1,2,0,1,1,0,0,0,0,0,0,0
5ok (giving in),1,2,0,1,1,0,0,0,0,0,0,0
WAIT-A-MINUTE,1,1,1,0,0,0,0,0,0,0,0,0
