asl_gloss,count
IX-1p,841
IX-3p:i,690
part:indef,578
IX-loc:i,408
NOT,293
FRIEND,241
IF,215
IX-2p,204
FUTURE,171
POSS-1p,150
WHO,147
GO-OUT,147
HAVE,142
IX-3p:j,133
FINISH,129
(25)WHY,120
MUST,118
THAT,104
TEACHAGENT,100
CAR,100
MOTHER,98
WHEN,95
NOW,92
BUOY,92
5wave no,91
QMwg,90
ns-fs-JOHN,89
POSS-3p:i,88
WORK,88
DEAF,87
NO,81
NONE/NOTHING,81
ARRIVE,80
ns-fs-MARY,80
VOICE,76
WITH,75
FOR,75
REALLY,74
ns-fs-BOB,73
IN,72
PEOPLE,71
WHY,71
WHERE,71
MAKE,68
HOME,67
GROUP/TOGETHER,66
RAIN,65
GO,64
LIKE,63
MOTHERFATHER,60
BUY,60
WHAT,59
MEAN,58
IX-3p-pl-arc,58
LOOK,55
FATHER,55
TO/UNTIL,54
(P)PARTY,54
SCHOOL,53
TEND,52
REALLYWORK,52
PASTNIGHT,52
IX-loc:j,51
READ,50
WANTNEG,50
BOOK,48
DEPART,48
NOISE,47
GOOD/THANK-YOU,46
DO-DO,46
BUT,43
TIME,43
KNOW,43
DIFFERENT,42
CAN,42
fs-OF,41
OH-I-SEE,41
HOW,40
NICE/CLEAN,40
KISS-FIST,40
TOMORROW,38
PLAY,38
SAME,37
SO,37
START,37
AND,36
CANNOT,36
fs-LATE,36
EXPERIENCE,35
RECENT-PAST,35
PROCEED,35
SNOW,35
MANY,34
CULTURE,34
WOW,34
BREAK,34
HEAR,34
POSS-2p,34
NOT-YET,34
LOOK:j,33
TAKE-UP,33
DRIVE,33
FAMILY,32
HOMEWORK,32
PERSON,31
SISTER,31
WANT_2,30
ns-BOSTON,30
fs-BEACH,30
CANCEL/CRITICIZE,30
BREAK-DOWN,30
MAYBE,29
5wow,29
EAT,29
TALKwg,28
TALK,28
VISUALIZE,28
KNOWNEG,28
WANT,28
FINE,27
CLASS_2,27
THINK,27
WOW/AWFUL,27
LOVE,27
PINEAPPLE,27
ON,26
FROM,26
ONE,26
SICK,26
IX-3p-pl-2:i/j,26
REFUSE,26
SURPRISE,26
TWO,25
ABOUT,25
SELL,25
USE_2,24
KIND,24
FIND/FIND-OUT,24
BICYCLE,24
CLASS_2BOX/ROOM,24
INTERPRET,23
SHOW,23
STUDY,23
DECIDE,23
NAME,23
PHONE,23
ENTER,23
HAPPEN,23
OTHER,23
STUDENT,23
(5)MAN,23
KID,23
(F)BELONG,22
MORE,22
SET-UP,22
A-LOT,22
SEE,22
SOMETHING/ONE,22
JOIN,22
VOMIT/HATE,22
EATNIGHT,22
1focus,21
OFTEN,21
5whoa,21
HERE,21
GUARANTEE,21
PIZZA_4,21
NIGHT,21
MANAGE/CONTROL,20
HEARING,20
ACCEPT,20
TOILET,20
STAY,20
FAVORITE/PREFER,20
TRIP,20
CHEESE,20
FEEL,19
MOVIE,19
GET,19
(K)KITCHEN,19
HORSE,19
NEW,19
alt.FIRE,19
fs-CREAM,19
LEARN,18
ALSO,18
LONG-AGO,18
fs-GRUNT,18
DRESS/CLOTHES,18
DOG_2,18
EACHONE,18
STORY,17
INCLUDE/INVOLVE,17
BIG,17
TEST,17
REASON,17
ACT,17
PLACE,17
ACTION,17
ENJOY,17
COMMUTE,17
SHOULD,17
(Y)YESTERDAY,17
QUOTE/TOPIC,16
DISCUSS,16
LOOK-OVER,16
SELF-3p:i,16
DIRECT/EXPLAIN,16
GROW-UP,16
VOICE-RANGE,16
HAPPY,16
HOUSE,16
BORN,16
WIN,16
PLAY-continuative,16
(P)PAY,16
DOG,16
BOY,16
(flat-O)PAY/SPEND,16
SOME,15
STILL,15
NEVER,15
MEET,15
IDENTIFY,15
fs-SPEECH,15
YEAR,15
PRESIDENT,15
WHICH,15
VACATION,15
(nd-1)MOVIE,15
fs-PARK,15
WIFE,15
INTERNET,15
VIDEO-GAME,15
CHAT,15
fs-ORIENTATION,14
COOPERATE/UNITE,14
AREA,14
FACE,14
BEAUTIFUL,14
GAME,14
CORRECT,14
CHILDREN,14
MOVE,14
STRANGE,14
SOON,14
CHOCOLATE,14
SORRY,14
ALWAYS,14
SMALL,14
fs-CREAMCHEESE,14
AUNT,14
FARM,14
FRISBEE,14
PO,14
OR,13
QUIET,13
SCREAM,13
INFORM,13
OK,13
SAY,13
HS,13
BORE,13
WRONG,13
(L)LIVE,13
PAST,13
ns-fs-JACK,13
MOVIE_2,13
HOT,13
(G/Q)POSS-1p,13
SWIM,13
FORGET-IT,13
CAMP,13
SCL:bent-U-Lperson walking,13
BAD,13
EVERY-YEAR,13
HEAR/LISTEN,13
5perplexed,13
UNDERSTAND,12
IDEA,12
FIRST-IN-LIST,12
BECOME,12
CHARACTER,12
IX-1p-pl-arc,12
DURING/WHILE,12
COLD,12
STOP,12
WATER,12
KEY,12
MONEY,12
WARM,12
PIE,12
PLAN,12
FISHING,12
VP,12
SALE,12
ns-SD,12
MOVE-AWAY,12
fs-RENT,12
SHIRT,12
INTERCOURSEfs-UP,12
WEATHER,12
PAY/BUY,12
REALLYWORK/BUSINESS,12
LIVE,11
DIFFERENT-arc,11
ONLY,11
IX-3p:k,11
COURT,11
AMONG_2,11
fs-EVEN,11
IX-honorific:i,11
COUGH,11
fs-RANGE,11
AGAIN,11
LAUGH,11
LIBRARY,11
(Y)WOW,11
ns-fs-OBAMA,11
(5)WEATHER,11
LAST,11
DCL:crvd-5group go together,11
EXPERT,11
MOW,11
PLAID,11
DRUNK,11
WEDDING,11
GIFT,10
SIGN,10
MAJOR,10
WRITE,10
UP-TO-NOW,10
HEARNOISE,10
ALL,10
MATCH,10
OLD,10
IX-loc:k,10
ALL-NIGHT,10
COMMUNICATE,10
SPEECH/ORAL,10
MISS/ASSUME,10
READY,10
DCL:Mhumming,10
EVERYDAY,10
FUNNY,10
WORD,10
LOUD,10
5exasperation,10
GIRLFRIEND,10
BOX/ROOM,10
YES,10
SCL:crvd-5group go together,10
SHORTS,10
(R)FLOWER,10
ASK,10
BABY,10
THROUGH,9
BELOW_2,9
WORLD,9
ALLOW,9
SECOND-IN-LIST,9
BEFORE_2,9
LIST-ORDER,9
alt.LOOK-OVER,9
5hesitation,9
HIGH,9
INHALE,9
FINEwg,9
SEND,9
SITUATION,9
SEEM,9
LOOK:i,9
BETTER,9
HOW-MANY,9
DINNER,9
LOUSY,9
FAIL,9
MOTHERwg,9
CONTINUE,9
(5)CRASH,9
LETTER/MAIL,9
DANCE,9
SHOE,9
TOGETHER/GO-STEADY,9
BQQ,9
POSS-3p-pl-arc,8
LANGUAGE,8
FOCUS/NARROW,8
alt.SEE,8
PROGRESS,8
HOPE,8
FAST_3,8
AROUND,8
(B-L)BECAUSE,8
VARY,8
COME,8
fs-DISORDER,8
NORMAL,8
KNOW-THAT,8
NEXT-TO,8
OUT,8
THREE,8
5I don't know,8
DO,8
ALL_2,8
PING-PONG/TENNIS,8
VOTE,8
THING,8
ATTENTION-WAVE,8
TWENTY,8
SEVEN,8
SIX,8
GRAB-CHANCE,8
GRADUATE,8
THRILL/WHAT'S-UP,8
NEXT-WEEK,8
CLOSE-DOOR,8
CAT,8
VEGETABLE,8
INVITE/HIRE,8
i:SAME-1p,8
fs-LOX,8
FLOWER,8
ALL-DAY,8
TIRED,8
ns-fs-DONNA,8
HAIR_2DYE,8
SURF-INTERNET,8
BLUEfs-BERRY,8
HOSPITAL,8
ANYTHING,8
WINDOW,8
STAY_2,8
(25)WHYNOT,8
fs-SENSORY,7
5you know,7
LECTURE,7
TRANSFER,7
COLLEGE,7
ALONE,7
MISMATCH,7
SPECIAL/EXCEPT,7
BPCL:1voice loop from mouth to ear,7
LONG-LIST,7
GONE,7
TELL:i,7
APPLAUSE,7
(5)WOMAN,7
SIT,7
RUN,7
5umm,7
WARN,7
LETTER/MAIL_2,7
PICK/CHOOSE,7
ANGRY,7
fs-AT,7
ns-fs-BILL,7
BROTHER,7
INTRODUCE,7
HUSBAND,7
LIE,7
UNCLE,7
HARD,7
MILK,7
DOLLAR_2,7
ORDER,7
BOSS,7
TAKE,7
DRY-CEREAL,7
PUT-AWAY,7
TOGETHER/GO-STEADY_2,7
DCL:crvd-Bsmall puppies,7
DYE,7
HAIR,7
LAPTOP,7
TYPE,7
LATE,7
BIRTHDAY_3,7
LIE-DOWN,7
(5)ACCIDENT,7
BIRTHDAY,7
ns-FRANCE,7
ROWING,7
KING,7
EARLY_2,7
TOOTH/GLASS,7
IMPORTANT,6
SUPERIOR,6
GROW,6
SLOW,6
5surprised,6
ns-NEW-YORK,6
ANYWAY/NOT-MATTER,6
CONCEPT,6
(5)SOCIAL/INTERACT,6
(nd-3)THIRD-IN-LIST,6
QUALITY,6
FAST,6
SOMETIMES,6
WONDERFUL,6
ANYONE,6
LATER_2,6
ALMOST,6
POINT,6
ABOVE,6
IX-loc-pl-arc,6
NOT-MIND,6
FINE_2,6
SERVICE,6
NOISERUMBLE,6
REQUIRE,6
MUSIC,6
ICL:F/9flip pages,6
FINALLY_2,6
PASS,6
LEAVE,6
JOB,6
fs-LOTTERY,6
FISH,6
HONEST,6
UPSET,6
COOKIE,6
NONE/NOTHINGONE,6
AFRAID,6
BRING,6
UMBRELLA,6
ROOMMATE,6
RED,6
QUIZ,6
BUTTER,6
fs-TRUCK,6
VEGETABLEAGENT,6
DCL:5hair dyed all over,6
TV,6
HEADBAND,6
GRASS,6
BLUEBERRY,6
BBQ,6
IX-pl-2:i/j,6
WIDE,6
STARBOMB,6
SKI,6
FACESAME,6
fs-PUPPIES,6
BALD,6
PASS-OUT_2,6
SUNBATHE,6
fs-BRIDE,6
fs-GROOM,6
ns-fs-JESSICA,6
GIRLCORRECT,6
BLACK,6
USE,5
EXPRESS,5
GESTURE,5
fs-AUDIO,5
fs-VOCAL,5
DCL:bent-1this pathway,5
POLITICS,5
fs-SO,5
ADULT-TALL,5
5looking for words,5
LOOK-UP,5
CLEAR,5
SHORT-HEIGHT,5
fs-NASAL,5
THAN,5
fs-BY,5
(A)SELF-1p,5
ANY,5
PLUS,5
EQUAL,5
FAMOUS,5
DEEP,5
LESS,5
BETWEEN/SHARE,5
COMPETITION,5
LAUGH-HARD,5
PERMIT,5
fs-EXCESS,5
USE-SIGN-LANGUAGE,5
5out of my control,5
LIST,5
POLITE,5
PAPER,5
THEN,5
DROP,5
SAFE,5
NOTICE,5
BRAVE/RECOVER,5
PUT,5
RANGE,5
5you see,5
EASY,5
ns-ROCHESTER,5
HIT,5
FIRST,5
TABLE,5
ns-CHICAGO,5
READ_2,5
WAIT,5
ns-fs-SUE,5
EXPENSIVE_2,5
SUNSHINE,5
TASTE,5
IMPOSSIBLE,5
FOR-FOR,5
CROWDED,5
DCLround flat,5
(crvd-5)POSS-1p,5
SWEETHEART,5
j:GIVE:i,5
EVERY-MONTH/RENT,5
BIG_2,5
REMEMBER,5
LOOK-FORWARD,5
FATHERwg,5
SCL:3person walking,5
fs-BONFIRE,5
IX-1p-pl-2:i,5
A-OK,5
(1)SEND,5
FIREWORKS_2,5
HEADBAND_2,5
BUOY_2,5
FIREWORKS,5
TELL:j,5
fs-CEREAL,5
MAGAZINE,5
(D)DOCTOR,5
TURKEY,5
BELIEVE,5
fs-MENTOR,5
ns-UTAH,5
ANALYZE_3,4
5let's see,4
ADD-TO,4
ROAD,4
SYSTEM,4
(nd-2)FIRST-IN-LIST,4
THIS,4
fs-TESTIMONIES,4
INSTITUTE,4
CLEVER,4
IX-loc:l,4
MESSED-UP,4
HEAVY,4
AGENT,4
AGREE,4
CHANGE,4
SEARCH-FOR,4
MINUTE,4
fs-AUDIOVOCAL,4
HEARRUMBLE,4
HELP,4
THIRTY_2,4
DEVELOP,4
TELL-1p,4
5that's the way it is,4
TRY,4
VOICE_2,4
(1)RANGE,4
NOTHING,4
AVERAGE/RANGE,4
SICK-OF,4
THANK-YOU,4
5dismissive gesture,4
ANSWER,4
SHH,4
APPLY,4
IMAGINE,4
VERY,4
BPCL:bent-Bgradually increasing voice,4
FINISH-shake,4
VOLUNTEER/SHIRT,4
OVER/AFTER,4
MUTE,4
fs-LOCKERBOX/ROOM,4
5not a big deal,4
WORK-OUT,4
WONDER,4
TEACH,4
CALL-BY-PHONE,4
IX-loc-line,4
SKILL,4
REGULAR,4
THINKHOPE,4
BETWEEN/SHARE-arc,4
SCL:crvd-Vhopping in a new group,4
fs-TOO,4
fs-CODA,4
POSS-3p:j,4
DCL:5emit waste,4
alt.SCREAM,4
DISGUST,4
OLDFIFTEEN,4
TELL,4
(crvd-5)BASKETBALL,4
DCL:1point and shoot,4
DCL:crvd-5reach into bucket of popcorn,4
NOTMUST,4
FOOTBALL,4
Scheering,4
MARRY,4
FIND/FIND-OUTOUT,4
WANT_3,4
ns-FLA,4
i:HELP-1p,4
NUT,4
CITY/COMMUNITY_3,4
BRACELET,4
DELICIOUS,4
ACTAGENT,4
SON,4
ONEHUNDRED,4
PAPER-CHECK/CARD,4
SLEEP,4
fs-DAY,4
SUCCEED,4
TAKE-BREAK,4
ICE-CREAM,4
DRINK,4
HUNGRY/WISH,4
POSS-1p-pl,4
GAS,4
fs-CREAMfs-CHEESE,4
fs-BAGEL,4
NEAR,4
RELATIONSHIP-OFF,4
COMPARE,4
fs-LAKE,4
BOYSCOUT,4
TREE,4
ALARM,4
5no more,4
ns-fs-MAC,4
MORNING,4
ASL,4
TEXTING_3,4
MONSTER,4
TAN,4
WATERDCL:crvd-Lwater tubing,4
(Y)DRINK,4
CARE,4
EMPTY/EARLYMOST,4
WATERDCL:L-Xtube skipping on water,4
HAIRDYE,4
MAKEREALLY,4
i:GIVE-indef,4
NOMORE,4
EVERYONE,4
DIRECT,4
SCL:1person,4
WATCH-TV,4
WATERTUBING,4
SCL:3person passed out,4
ADVISE/INFLUENCE,4
NOWNIGHT,4
BUTTER_2,4
i:TELL-1p,4
NONE,4
(1)GUILTY,4
INFORM:i,4
LEARNAGENT,4
ANSWERAGENT,4
fs-HIT,4
GRIEF,4
SUGGEST,3
CURRENT-TOPIC,3
(5)FIRST-IN-LIST,3
THROUGH_2,3
(nd-2)FIRST-AND-SECOND-IN-LIST,3
fs-SOUND,3
ARTICLE,3
fs-TACTILE,3
FULL,3
MOVING-ON-TO-NEXT-TOPIC,3
5resignation,3
fs-HEGEMONY,3
ED,3
alt.USE-SIGN-LANGUAGE,3
MIND,3
IX-3p:l,3
fs-CAREER,3
(3)LISTEN,3
MENTION,3
TRAIN,3
TIME-PERIOD,3
ATTEMPT,3
fs-PITCHED,3
LOOK-AROUND,3
A-LEVEL-BELOW,3
ns-fs-BAUMAN,3
ROLE,3
ANALYZE,3
fs-LIT,3
PET-PEEVE,3
(R)RESEARCH,3
5pause,3
LITTLE-BIT,3
SPREAD,3
BOTHER,3
QUOTE/TOPIC_2,3
LINGUISTICS,3
SOCIAL/INTERACT,3
TAKE-NOTES,3
STAND,3
5set,3
5trepidation,3
fs-GRUNTS,3
5reassure,3
OF-COURSE,3
THAT:j,3
LOOK-BY-EYE,3
SCL:B-Lreport card,3
DCL:baby-Owriting on the test,3
SICK/SILLY,3
SUSPECT,3
POP-UP,3
LONG,3
(P)PROFESSION,3
SECOND-IN-LIST_4,3
BPCL:bent-Bgoing over natural voice range,3
RUN-MACHINE,3
ns-fs-IOWA,3
SO-SO,3
HALL,3
DCL:fanned-Ogrumbling,3
i:TURN:j,3
GIRL,3
fs-CLUB,3
DELIBERATE,3
FIGHT,3
KNOW-NOTHING,3
ICL:Sswinging tennis raquet,3
EACH,3
5forget it,3
AGAINST,3
A,3
ABOVE_3,3
fs-NOISE,3
N,3
MAJOR:j,3
SAME-OLD,3
DCL:flat-Orip paper,3
ILLEGAL,3
FLAT/FLOOR,3
DCL:F/9peel styrofoam cup,3
DCL:Sclanking things,3
PISS-OFF,3
LEAVE-THERE,3
DCL:crvd-Babove the voice range,3
DCL:5extremely embarrassed,3
CARRY,3
ns-GALLAUDET,3
fs-BUBBLES,3
SELF-3p:j,3
fs-FIELD,3
BCL:Snudge neighbor,3
RULE,3
FROM-NOW-ON,3
SOUTH,3
j:MOVE:i,3
ns-RIT,3
OFF,3
5oh well,3
OLDAGE-SIXHALF,3
NEXT,3
ALLERGY,3
REPUBLICAN,3
NAB,3
5hands off,3
fs-SPINACH,3
VERY-FAST,3
ORANGE,3
COOK/KITCHEN,3
LAST-YEAR,3
WALK,3
(5)POSS-1p,3
TROPHY_2,3
MONDAY,3
CONTACT,3
ns-fs-FEDEX,3
SPAGHETTI_2,3
TWO_2ZEROTHIRTEEN,3
BOOK-PAGE,3
GET-TICKET,3
(L-X)INTERESTING,3
5hey,3
HANDSOME/ns-HAWAII_2,3
FIVE,3
ns-fs-PHIL,3
ns-fs-PETE,3
TAPE-RECORDING,3
ns-fs-RICK-PERRY,3
ns-fs-JIM,3
ns-fs-JOE,3
ns-MCDONALD,3
RESTAURANT,3
AIRPLANE,3
TAKE-continuative,3
SEMESTER,3
fs-POP,3
FOLLOW,3
REMIND:i,3
ns-fs-ASIA,3
SEND/MAIL,3
fs-FUN,3
LIGHT,3
GLASSES_2,3
NEAT,3
FIRED,3
1p-INFORM:i,3
PRINCIPAL,3
HURRY,3
BLUE,3
DEPART:j,3
ONE-MONTH,3
BOMB,3
GET-UP,3
fs-MALL,3
APPLE,3
FUCK,3
(4)STRIPES,3
ns-fs-BU,3
REMIND-2p,3
COLOR,3
fs-SUN,3
SCL:1person approaching,3
KOWTOW,3
(S)BASEBALL,3
GROUP/TOGETHER-pl,3
MEMORIZE,3
5frustration,3
SERIOUS,3
YESTERDAY,3
INTERVIEW,3
DOUBT,3
SPEND,3
SUMMER,3
SIT-continuative,3
i:GIFT:j,3
NIGHT-pl-arc,3
ns-fs-JAMES,3
BIG_5,3
fs-CARE,3
ns-PHILADELPHIA,3
LAST-WEEK,3
fs-SMASHED,3
fs-COLLIDED,3
RESEARCH,3
SAME-LIST,3
SCL:1mentor coming in,3
5focus,3
(nd-V/2)LIST-ORDER-MIDDLE,3
MEETING,3
fs-MPH,3
fs-HUMAN,2
5emphasis,2
MINOR,2
IX-honorific:j,2
SET-UP:i,2
SET-UP:j,2
EXPAND,2
SECOND,2
MOST,2
NINETEEN,2
TALK-OVER,2
THINKMEAN,2
DCL:Bpathway of sign language,2
DCL:Bpathway of audiovocal,2
PRACTICE,2
A-LEVEL-ABOVE,2
CONFRONT,2
fs-MUTE,2
5not know what to do,2
FAST_2,2
"5so, all set",2
POUND/WEIGH,2
BCL:crvd-5swashbuckler like,2
STRONG,2
fs-OWN,2
fs-TEMPO,2
BPCL:4voice identity,2
TOTAL_2,2
EXACT,2
HISTORY,2
(A)PLACE,2
OCCASIONALLY,2
TOTAL,2
fs-CLASS,2
LOOK-recip,2
INTERPRETAGENT,2
ACCOMMODATE,2
fs-ORIENTED,2
POWER,2
REMIND-1p,2
fs-LOOP,2
fs-QUALITY,2
APPLY_2,2
QUESTION,2
fs-DISORDERED,2
SCL:Vperson levitating,2
fs-SYNTAX,2
MISUNDERSTAND,2
CHECKfs-LIST,2
WRITE_2,2
ANYTIME,2
LCL:Bthis way,2
fs-INTELLIGIBLE,2
RANGE/SPAN,2
fs-TRY,2
BEST,2
fs-OH,2
fs-PROCTOR,2
DOpart:indef,2
alt.VOICE,2
ns-fs-SAT,2
HEARINGPERSON,2
NEXT-TO_2,2
FORMERLY,2
THINKSHOCK,2
STRUGGLE,2
BACKWARD_2,2
WHATACTION,2
PLAYAGENT,2
BPCL:1going over natural voice range,2
ns-fs-DEAN,2
fs-CAUCUS,2
INTERNATIONAL,2
THINK-OVER,2
RECORD,2
FREQUENTLY,2
COUNTRY,2
EXCHANGE,2
fs-G,2
DCL:fanned-Othroat grumble,2
FLAT/LEVEL,2
ns-nat-AUSTRALIA,2
OLDNINE,2
DELETE,2
DCL:V/2walking around the hall,2
MANAGE/CONTROLAGENT,2
ANIMAL,2
GENERAL,2
DCL:fanned-flat-Othroat,2
SOMEONE,2
DCL:Sheavy lifting,2
END,2
THIRD-PLACE_2,2
ns-fs-GREATECHWAECH,2
B,2
fs-OR,2
INFORM-ALL,2
IX-3p:o,2
fs-NOISY,2
NARROW-STREET,2
GROUP/TOGETHER:i,2
GROUP/TOGETHER:j,2
(F)NONE/NOTHING,2
BODY,2
ENVIRONMENT,2
ANALYZE_2,2
DCL:bent-B-Lclose envelope,2
GOOD,2
VIDEOTAPE,2
NINETEEN_2NINETY-NINE,2
PROBLEM,2
VOICE-RANGE_2,2
fs-BURP,2
BURP,2
DCL:flat-Orip paper slowly,2
DCL:Ccup,2
DCL:5-C-Lnails on a chalkboard,2
fs-STATUS,2
DCL:Aopen drawer,2
DCL:flat-Orip paper fast,2
fs-SANCTUARY,2
fs-WASTE,2
5shocked,2
GIVE-UPfs-UP,2
fs-WAS,2
DCL:5cover up both noises,2
DATE/DESSERT,2
AMONG,2
NATURAL,2
fs-PUBLIC,2
ANYMORE,2
SCARE,2
CARE_2,2
CHURCH,2
YOUNG,2
DCL:5emit waste loudly,2
POPCORN,2
SELF:i,2
fs-PISS,2
IX-3p-pl-circle,2
BCL:crvd-5holding football,2
CHAT:j,2
BCL:Cgrab Bible,2
DCL:crvd-Bcurve of the toilet bowl,2
FREE,2
OWN,2
THINKLONG-LIST,2
DCL:1point to popcorn bucket,2
PLACE:i,2
PLACE:j,2
1no,2
STRUGGLE-continuative,2
DCL:5person growing up,2
AGE-SIXHALF,2
5well,2
(crvd-V)MOVE,2
DORM,2
SELF-1p,2
ns-NEW-YORK_2,2
LONGMOST,2
ns-IBM,2
OVER/AFTERSCHOOL,2
TWELVEHALF,2
SIXHALF,2
MOVE-AROUND,2
LOSE,2
TEAM,2
ON-TIME,2
MONEY_2,2
SHEET-CAKE,2
TIMEDCLcircular object,2
THUMB-IX-3p:i,2
STEAL,2
MOUSE/FICTION,2
CHASE,2
2p-GIVE-1p,2
COMPUTER_5,2
5panic,2
FLAT-TIRE_3,2
ns-fs-HARRY,2
COW,2
CLOSE-GATE,2
CHOOSE,2
UP,2
NEGLECT,2
DO-IT,2
BAWL-OUT:i,2
INNOCENT,2
KEEP,2
alt.EAT,2
ns-AA,2
STUCK,2
fs-MARATHON,2
EIGHT,2
NINE,2
(alt-G/bent-L)POSS-1p,2
TEN,2
ns-fs-SARAH-JESSICA-PARKER,2
ns-fs-SARAH-PALIN,2
FRIDAY,2
SPRING,2
COAT,2
EATMORNING,2
HURRICANE,2
BACK_2,2
ns-fs-NETFLIX,2
fs-DVD,2
STOPLIGHT,2
(3)ACCIDENT,2
ns-fs-LIZ,2
ns-fs-MITT-ROMNEY,2
DISTRIBUTE,2
NUTBUTTER,2
ns-fs-BETH,2
LOSE-COMPETITIONPCL:V/2many games,2
ENOUGH,2
fs-SUSHI,2
ns-fs-NEWTON,2
BREAKENTER,2
ns-BROOKLINE,2
DANGER,2
APT,2
ns-fs-JEN,2
HAMBURGER,2
ns-fs-ALEC-BALDWIN,2
ECONOMIC,2
ns-fs-AMY,2
fs-KEY,2
SCL:1John and Mary walk together,2
ONE-DOLLAR,2
INSURANCE/INFECTION,2
EMERGENCY,2
NOTHING-AT-ALL,2
EXHAUST,2
BURN,2
FRESHMAN,2
TRADITION,2
i:GIFT-1p,2
LOOK-DOWN,2
COLLAR,2
IX-1p-pl,2
BED,2
POSS-3p:i/j,2
ICL:Xspray silly string,2
ADDICTED,2
SUMMON,2
TROUBLE,2
BEAT_2,2
ns-INDIA,2
SUPPORT,2
fs-IPOD,2
TIE_2FISHING,2
MAKE-IT,2
LIGHT-FLASH,2
fs-PC,2
EMPTY/EARLY,2
BACK,2
OVERSLEEP,2
CHECK,2
BILL/OWE,2
GARAGE/SUBMARINE,2
TWICE,2
WRESTLE,2
(X-over-thumb)CELEBRATE,2
THINKBURST,2
(bent-1)POSS-1p,2
DCL:crvd-5clouds moving in,2
FEW/CLOSE,2
fs-OCEAN,2
DCL:Cgroup go together,2
alt.INVITE/HIRE,2
RESUME,2
BALANCE,2
DECORATE,2
STAR,2
BAKING-SPRINKLES,2
LAZY,2
LICENSE,2
ns-PUERTO-RICO,2
KICK-OFF,2
fs-STORM,2
ns-fs-BARACK-OBAMA,2
i:GIVE-1p,2
fs-SUNBURN,2
BAWL-OUT,2
ZOOM,2
FLOW,2
FRESH,2
EACHONE-pl-arc,2
SHUCKS,2
fs-HORROR,2
COMPUTER,2
2p-ASK:i,2
TUBING,2
WATERDCLround flat,2
SCL:U-Lperson passed out,2
SUNSHINE_2,2
BOTH,2
CELEBRATE,2
CRASH,2
DCL:U-Lhorse running,2
EXPENSIVE,2
j:GIVE-indef,2
fs-EXAM,2
EASYMOST,2
OPPOSITE,2
PARTY-HARD,2
SCL:crvd-Vhorse galloping,2
HATE,2
IX-3p-honorific:i,2
ADVISE/INFLUENCEAGENT,2
NOWAFTERNOON,2
APPOINTMENT,2
NOWAFTERNOON_2,2
PASTALL-NIGHT,2
NOWMORNING,2
MORMON_2,2
SCL:5-Cbig house,2
SIX_2ZERO_3,2
FIVESIX_2,2
FLY-BY-PLANE,2
"5ok, hey",2
CARAGENT,2
fs-GLOBE,2
THINKMARRY,2
1p-TELL:i,2
SOUP,2
GOOD/THANK-YOUNIGHT,2
CHEAPMOST,2
fs-ELECTION,2
SCL:V/2two of them go together,2
i:INFORM-1p,2
LEND,2
ns-IRELAND,2
THAT:i,2
alt.LIE,2
ns-fs-PAUL,2
SMALL-AMOUNT,2
INCREASE,2
ns-fs-SALLY,2
(5)NOT,2
ns-fs-BOSTON,2
IX-3p-pl-2,2
fs-TAX,2
fs-TRIP,2
GUITAR,2
fs-REOPEN,2
NOW-WEEK,2
TRACK-THUMB,2
TRACK-IX,2
TRACK-MIDDLE,2
TRACK-RING,2
fs-CANCER,2
SCREEN/FILTER,2
FOUR,2
ASK_2,2
ns-TENN,2
INTERRUPT,2
ASK_2-3p-pl-arc,2
fs-LINK,2
NEGATIVE,2
INCLUDE/INVOLVE-1p,2
CITY/COMMUNITY,2
fs-MODEL,2
OPPORTUNITY,2
fs-INTERVENTION,2
INTERRUPT:i,2
SPECIALTYAGENT,2
AUDIOLOGYAGENT,2
NURSE,2
SOCIAL-WORK,2
fs-BE,2
INFORMSUBLIMINAL-INFLUENCE,2
alt.UNDERSTAND,1
(1)GENERATIONS-AGO,1
ns-fs-EDWARD,1
fs-HALL,1
FEEDBACK_3,1
(B)NEXT-TOPIC,1
SEPARATE,1
ns-AMERICA,1
EIGHTY-TWO,1
fs-ISSUE,1
ns-fs-DESDJ,1
VOL,1
NUMBER,1
TOTAL_3,1
fs-BRICOLAGE,1
DCL:5gathering information,1
ORGANIZE,1
THIS_2,1
SPECIFIC,1
DCL:Bpathway of orientation,1
PARALLEL,1
fs-VISION,1
fs-TYRANNY,1
DCL:flat-Oput it collectively,1
fs-SOCIAL,1
MEDICINE,1
DCL:bent-1switch to this pathway,1
fs-SENSES,1
fs-SENSE,1
UNDER,1
BECAUSE,1
GRADUAL-IMPROVE,1
DCL:bent-1length of time,1
fs-IMPLY,1
BEHIND,1
fs-VALUE,1
fs-VENTRILOQUISM,1
fs-WITTY,1
SMOOTH,1
PERSONALITY,1
fs-SIZE,1
HEIGHT_2,1
fs-RACE,1
fs-GENDER,1
fs-SEXUAL,1
fs-BARITONE,1
STICK-ON-SURFACE,1
STICK-ON-THROAT,1
fs-PRINT,1
DCL:fanned-flat-Ovoice identity,1
(U-L)BUILD,1
WORSE,1
Clet's see,1
fs-PERSONA,1
fs-DIMWITTED,1
BEFORE,1
DECLINE_2,1
CONFIDENT,1
SCL:B-Ldeaf person,1
BELONG,1
SELF-3p-pl-arc,1
INDIVIDUAL-pl,1
(R)REFLECT,1
ns-fs-GILBERT,1
HANG-UP-PHONE,1
SCL:1person coming,1
(R)PLACE,1
LOCAL,1
AWKWARD,1
CONFLICT/INTERSECTION,1
fs-SWASHBUCKLING,1
ICLsword fight,1
MELT/SOLVE,1
DCL:Cventriloquist doll,1
ICL:Ctalking doll,1
SCL:Cdoll personality,1
SCL:Cmy personality,1
fs-PITCH,1
MICROPHONE,1
5concession,1
WAVE-HELLO,1
ns-fs-PARPF,1
STUDY_2,1
LIST-ORDER-IX,1
fs-LOUD,1
THEREFORE,1
ENCOURAGE,1
MOTIVATE,1
LONG-LIST_2,1
GHOST,1
DIE,1
fs-ZOMBIE,1
fs-PRESENCE,1
fs-IRRITATING,1
fs-V,1
WHIRL-TIME-PAST,1
PCL:5many studies,1
GRAD,1
fs-RESONANCE,1
DCL:crvd-5nasal,1
NOSE,1
ns-fs-SUBTELNY,1
SEVENTY-FIVE,1
PCL:4students go to NTID,1
ns-NTID,1
EVALUATE,1
LOOK-1p,1
part:idef,1
MACHINE,1
GAMUT,1
(nd-3)FIRST-SECOND-THIRD-IN-LIST,1
SPEECH,1
DCL:crvd-Vsitting down,1
fs-DOING,1
IX-2p-pl-arc,1
fs-HUM,1
alt.DCL:Mhumming,1
SCL:Cgroup,1
5sheepish,1
SENTENCE,1
fs-STRATEGY,1
fs-AIR,1
OPPRESS,1
fs-VOCALIZATION,1
SCHEDULE,1
5out of her control,1
CLASS,1
ELEMENTARY,1
CENTER,1
ICL:baby-Owriting on the test,1
fs-REPORT,1
fs-CARD,1
LCL:1reading,1
fs-TENSE,1
PITCH,1
BUSINESS_2,1
INFORM-1p,1
fs-SIGH,1
fs-SOLICIT,1
alt.PULL,1
FEW,1
1p-MEET:i,1
SCL:B-Ltest paper,1
DCLget test,1
DCLtalking about the test,1
DCL:flat-Oholding the test,1
DCL:flat-Omoving the test closer,1
5what the heck,1
POINT-TO,1
IX-2p:j,1
COME-ON,1
SCL:1teacher walking over,1
SCL:bent-Vsit down,1
SCL:flat-Btest paper,1
BREATHE,1
DCL:Ctrying to breathe,1
ns-fs-SHARPOVA,1
ns-fs-NADAL,1
ns-fs-SELES,1
ns-fs-CONTRO,1
LOWERCASE/TINY,1
BPCL:bent-Bacceptable voice range,1
PCL:crvd-5people staring,1
ns-fs-HOWARD,1
DEMOCRAT,1
2004,1
fs-MUFFLE,1
fs-FEDERATION,1
fs-CODE,1
fs-CONDUCT,1
fs-IMPLICATION,1
EXCUSE,1
BPCL:V/2person giving a dirty look,1
fs-LOCKERS,1
LCL:1walk around the hallway,1
LCL:Bnext hallway over,1
LCL:1over there,1
alt.DCL:fanned-Othroat grumble,1
BPCL:1overall voice measurement,1
fs-PRO,1
fs-LOCAL,1
ABANDON,1
MEMBER,1
CURIOUS,1
DIALOG,1
DCL:crvd-5grunting voices,1
GRUNT,1
ns-fs-BERNARD,1
ns-fs-BRAGG,1
fs-GRUNTAL,1
PIG,1
DCL:crvd-5two people fighting,1
fs-UN,1
PREVENT,1
DCL:fanned-Othroat grunts,1
COP,1
ARGUE,1
"5so, ok",1
SURPASS,1
ICL:Sheavy lifting,1
GYM,1
(5)of course,1
fs-NEWS,1
PCL:crvd-5people shocked/stare,1
fs-A,1
GOAL,1
DOWNHILL,1
ADMIT,1
DCL:fanned-flat-Obecoming upset,1
PCL:5students sit in an arc,1
IX-3p:n,1
ns-fs-IOWANS,1
fs-ABUSE,1
C,1
IX-loc:m,1
DCL:crvd-Babove or below voice range,1
1tracing sentence,1
DCL:bent-B-Labove and below the voice range,1
fs-BEING,1
DCL:crvd-5list of alphabet,1
DCL:sml-C/3morpheme word,1
ns-fs-MINN,1
DEAF_2,1
fs-ABC,1
LIST-ORDER_3,1
CHALLENGE-arc,1
fs-MANILA,1
DCL:1envelope,1
SCL:B-Lenvelope,1
DCL:B-Llick envelope,1
STICKY,1
DCL:open-8sticky part of envelope,1
DCL:Atear open envelope,1
DCL:Atear open envelope slowly,1
CAUSE,1
PROPORTION,1
PAPER:i,1
PAPER:j,1
DCL:crvd-5noises in the air,1
fs-ROWDY,1
DCL:Atear open fast,1
ns-fs-ANGELA,1
ns-fs-PETRONESTRATIY,1
LIST-ORDER_2,1
fs-OBJECTS,1
IX-3p-pl-line,1
VARY_2,1
5discreet,1
DCL:cocked-Sclanging things,1
FORK,1
SURFACE,1
SCL:P/Kfork on table,1
DCL:Sclanging things,1
TEASE_2,1
fs-P,1
DCL:F/9holes on paper,1
fs-STYROFOAM,1
fs-CUP,1
CUP,1
DCL:5too loud,1
DCL:baby-Owrite on chalkboard,1
DCL:Chold styrofoam cup,1
OFF-POINT,1
DCL:Aopen and close drawer,1
5making noises,1
(5)SOCIAL/INTERACT_2,1
alt.WRONG,1
TRADE,1
DCL:flat-Orip paper quickly,1
DOWN,1
fs-TABOO,1
IX-3p:i/j,1
EMBARRASS,1
LINE,1
fs-EMIT,1
SCL:V/2look up and down,1
SCL:V/2look down,1
5uncertain,1
YES_2,1
AUDIENCE,1
NO-GOOD,1
SCL:3people staring,1
DCL:Sstrong horse,1
SCL:Shorse galloping,1
1p-LOOK:j,1
FIFTEEN,1
LUCKY,1
DCL:crvd-sprd-Bmaking bubbles,1
DCL:5bubbles covering toilet bowl,1
5cheering,1
FLUSH,1
DCL:crvd-Vsit on toilet,1
GO_2,1
IGNITION-ON,1
DCL:5water running,1
5ehh,1
DCL:5water running in toilet bowl,1
DCL:5water running down side of toilet bowl,1
fs-DROWN,1
DCL:bent-B-Lemit waste,1
DCL:5gently emit waste,1
5gathering,1
FART,1
fs-C,1
fs-COLLEAGUE,1
fs-HORRIFIED,1
TRADE-arc,1
fs-TIPS,1
fs-URINE,1
5sigh,1
SHOW-1p,1
DCL:bent-Bcurve of toilet bowl,1
DCL:Cgrab popcorn bucket,1
DCL:1eating popcorn,1
fs-KERNEL,1
DCL:5-Cshuffle around kernals in popcorn bucket,1
DCL:crvd-5reach into bucket of popcorn/eat popcorn,1
fs-IS,1
SCL:5football players wrestling,1
DCL:5crowd of fans,1
EXPERIMENT,1
DCL:Bdifferent sided path,1
PONDER,1
fs-L,1
TWENTY-FIVE,1
EARLY,1
MIDDLE,1
SCL:V/2look me up and down,1
PCLpeople sit and stare,1
BOOK_2,1
BCL:lick hand,1
fs-PAGES,1
ICL:B-Lflip pages,1
DCL:1point and pee,1
SWALLOW,1
POSS:i,1
HABIT_2,1
BCL:crvd-5frozen body reaction,1
SHOW-2p,1
fs-STADIUM,1
FANS,1
ICL:F/9hold page of a book,1
CLOSE-BOOK,1
PLACE:k,1
alt.POSS-3p:k/j/i,1
ns-fs-ENNIS,1
GREAT,1
ICL:F/9quickly flip pages,1
ICL:F/9slowly flip pages,1
DCL:5emit waste quietly,1
SCL:1came back,1
fs-HANGUPS,1
SAME_2,1
MAJOR:i,1
DCL:B-Labove the range,1
RANGE-arc,1
THOSE-TWO,1
fs-BARBARIC,1
DCL:B-Lovergoing with the range,1
MEANING-LIST,1
SPECIALTY,1
(W)WAY,1
HABIT_3,1
LCL:Bpathway:i,1
LCL:Bpathway:j,1
MOVE:i,1
Lso,1
BEFORE_3,1
WORRY,1
PROJECT,1
WEEKEND,1
i:MOVE:j,1
ONE-HOUR,1
NORTH,1
ns-NYC,1
SEVEN_2,1
THIRD,1
HAD-IT,1
(R)RETIRE,1
(rd)JUNIOR_3,1
SENIOR,1
TECHNOLOGY,1
WORTH,1
ns-RSD,1
ns-VT,1
fs-SPORTS,1
LESS-THAN,1
SEE-SEE,1
AGE-THIRTEEN,1
PAINT,1
fs-CAVIAR,1
VISIT_2,1
(R)BEST-FRIEND,1
alt.SEARCH-FOR,1
SCL:Xman walking,1
ICL:flat-Oholding money,1
ICL:flat-Opocketing money,1
5awestruck,1
ns-fs-ANN,1
BIRD,1
ICL:X-over-thumbeating out of a bowl,1
COURSE,1
DCL:B-Lstack of books,1
fs-OFFICE,1
REPAIR_2,1
ns-SEATTLE,1
PCL:5people moving around,1
ns-fs-DEMI-MOORE,1
ns-fs-BRUCE-WILLIS,1
TOUGH,1
CHAPTER,1
PRICE,1
THOUSAND,1
PAINT_2,1
ESCAPE,1
SCL:1mouse scurries,1
SCL:crvd-Vcat chases mouse,1
SCL:crvd-Vcat jumps up onto the table,1
ns-fs-JASON,1
PICTURE,1
LCL:1dress over there,1
3contemplation,1
BROCCOLI,1
VISIT-1p,1
fs-UPSET,1
SANDWICH_4,1
ICL:tight-Ceating sandwich,1
5wait,1
"5hey, no",1
2p-HELP-1p,1
CRASH_2,1
fs-PANIC,1
TIRE,1
ns-fs-AAA,1
MELON/PUMPKIN,1
ns-fs-TJ,1
JUICE,1
ns-nat-CHINA,1
PRINCE,1
ns-fs-CHARLES,1
PHYSICS,1
PURPLE,1
(5)DEPRESS,1
fs-MAC,1
FORGET,1
5around here,1
ICL:Swashing car,1
ICL:Swash car,1
SMILE,1
GOLF,1
BCLreading book,1
fs-OJ,1
GRANDMOTHER,1
ICL:X-over-thumbeating,1
ALL-GONE,1
SCL:crvd-Bbowl,1
DCL:25missing page,1
PADDLE/CANOE,1
5oh man,1
BEAR,1
DCL:crvd-Bsize of bear,1
ns-fs-GLOBE,1
Lwell,1
DCL:I-L-Yflying back and forth,1
5what's going on?,1
BOOK-pl,1
MEAT,1
1p-MEET:i/j/k/l,1
GOLD/ns-CALIFORNIA,1
DCL:G/Qcircular bracelet,1
(1)REPORT,1
THURSDAY,1
LCL:B-Lsky up there,1
SHINE_2,1
GRAB,1
PLEASE/ENJOY,1
SCL:sml-C/3recieve DVD,1
DCL:sml-C/3DVD,1
SCRAPE,1
PARK,1
RELATIONSHIP,1
LCL:5-Cthree computers next to each other,1
MORMON,1
i:CALL-BY-PHONE:j,1
DCL:G/Qeat sushi,1
FINGERS-CROSSED,1
(sml-C/3)VOMIT,1
BUSTED,1
PUNCH,1
(L-X)SMALL,1
fs-CITY,1
GIVE-distributive,1
DCL:S-5throw out of plane,1
FALL-IN-LOVE,1
CRISIS,1
COUSIN,1
DCL:crvd-Lbagel,1
ICL:Ausing key,1
(3)WALK,1
DESTROY,1
IX-1p-2p,1
ns-JAMAICA,1
MANIPULATE,1
SPELL,1
MISTAKE,1
SUBTRACT,1
SUN_2,1
BALD_2,1
5oh no!,1
DCL:S-5fire starting,1
DISH,1
OCEAN,1
alt.MAD,1
LCL:B-Lwave front,1
DCL:crvd-5waves crashing,1
SWIM-continuative,1
fs-GUEST,1
TAKE-OUT,1
GATHER,1
DCL:Clogs,1
WOOD,1
IX-1p-pl-circle,1
MOST-SKILLED,1
SILLY,1
STRING,1
(nd-1)LOOK-AROUND,1
EVERY-MORNING,1
BCL:bent-Bsound asleep,1
(L-X)POSS-1p,1
DCL:4many people staring,1
SCRIMMAGE,1
(baby-O)BY-A-HAIR,1
BEAT,1
TWENTY-EIGHT,1
OVER-IT,1
DCL:crvd-Vswitch seats,1
BCL:bent-B-Ldo nothing,1
(crvd-L)POSS-1p,1
fs-GOOGLE,1
fs-CHROME,1
DCL:X-over-thumbtip hat,1
i:CALL-ON-RELAY/VRS-1p,1
fs-BAD,1
SICK-continuative,1
FLIP-FLOP,1
AGE-TWENTY-ONE_2,1
TROUNCE,1
(fanned-flat-O)POSS-1p,1
i:BAWL-OUT-distributive-3p-pl-arc,1
REMOTE,1
VIDEO-PHONE,1
TEXTING,1
DCL:crvd-Bbucket,1
DCL:B-Lfill bucket,1
ICL:crvd-Bmove bucket,1
DCL:S-5throw fish in bucket,1
DCL:5-Ceyes falling out,1
fs-COMEDY,1
5why not,1
THUMBS-UP/GOOD,1
(5)CRAZY,1
FUN,1
GIVE:i,1
DCL:Cclouds moving in,1
DCL:U/Hgroup laying down to tan,1
SHUT,1
TRACE-PATH,1
DCL:5long hair,1
DCL:5roughhouse,1
i:GIVE-2p,1
DISCUSS-INTENSELY,1
STAMP,1
DCL:U/Hhorse galloping,1
TWO_2,1
SUGGEST-1p,1
fs-HP,1
SEVENTH,1
GIVE:j,1
SCL:Cclouds rolling in,1
FILL-OUT,1
IFwg,1
INSPIRE,1
fs-DOOR,1
Ix-loc:i,1
DCL:5backed up traffic,1
BPCL:Sfist pump,1
alt.SKI,1
IX-LOC:i,1
DCL:Olittle beads,1
DCL:Obeads all over,1
BERRY,1
DCL:X-over-thumbeat with two forks,1
SCL:V/2people tanning,1
SUN,1
ICL:tight-Csqueeze lotion,1
DCL:B-Lrub lotion,1
DCL:bent-Bapplying lotion,1
SCL:V/2horses running,1
GIVE,1
SCL:Cgroup go together,1
DCL:crvd-5give package,1
SCL:V/2running,1
PASS-OUT_3,1
BASEBALL,1
DCL:4many people look at them,1
CHAT:i,1
CHAT:k,1
DCL:crvd-5clouds coming,1
GO-BY-BOAT,1
SCL:V/2person flips off,1
PACK,1
LIGHT-MATCH,1
FIRE,1
SCL:1match,1
BLANK-OUT,1
ICL:B-Lapplying suncreen,1
fs-SUNSCREEN,1
SCL:crvd-Wshoreline,1
SCL:3person walking at water’s edge,1
SCL:5waves,1
SCL:bent-B-Lwater's edge,1
fs-MOOD,1
RAKE,1
fs-LOGS,1
FEED,1
5etcetera,1
BAKE/OVEN,1
HELP-1p,1
PET/SPOILED,1
fs-COLLARS,1
AFTERNOON_3,1
MAD,1
WEEKEND_2,1
fs-WAVES,1
fs-SCOUT,1
5uh,1
(nd-1)NEXT-TO,1
SCL:1friend,1
ICL:Xuse spray cans,1
TORTURE_2,1
SWITCH,1
CLICK,1
fs-SITES,1
fs-EXTRA,1
EYES,1
BCL:crvd-5eyes pop out,1
ns-ASIA,1
SCL:V/2look around and around,1
1p-INFORM:j,1
AGE-TWENTY-ONE,1
SCL:Xcatch fish,1
fs-BUCKET,1
ICL:B-Lbring over bucket,1
SCL:1throw fish in bucket,1
SCL:crvd-Ulaying on side,1
5pay attention,1
1p-SEND/MAIL:j,1
5listen up,1
DCL:4many people look at me,1
ASK-1p,1
3um,1
TWENTY-EIGHT:i,1
ROLL-ON-FLOOR-LAUGHING,1
TIME-TWO,1
5oh,1
ns-CAROL,1
ns-fs-CAROL,1
BURST,1
FLIP-FLOP_2,1
ALL-YEARS-HS,1
WAKE-UP,1
WHIP,1
SATISFIED,1
DCL:L-Xdisc,1
CD,1
SCL:1describing a narrow road,1
2p-MEET:i,1
BCL:Cshowing off pectorals,1
ns-fs-POTTER,1
ns-CALIFORNIA_2,1
DCLflat tract ofland,1
DCL:V/2horse running,1
DCL:1Bob approaching her,1
DCL:1two people approaching each other,1
FIX,1
(nd-5)HIT,1
(1)SEND:j,1
fs-PIE,1
ns-fs-BOB:j,1
j:SCL:1Bob meets his girlfriend:i,1
SCLDonna,1
SCLJessica,1
DCLflat tract of land,1
DCL:U-Lcow running,1
(1)SEND/MAIL,1
j:MEET:i,1
OPEN-BOOK,1
DCLswirling,1
SCL:1Boston,1
SWIRLING,1
DCLdescribing the land,1
DCL:1bride and groom meet,1
ALL-NIGHT_3,1
SCL:V/2person rolling around,1
(L)LOTION,1
BPCL:B-Lrub on lotion,1
DCL:4people tanning,1
fs-PALE,1
REQUEST,1
DCL:4people gathering in a circle,1
fs-ACTION,1
SCL:V/2person sliding off tube,1
CARE:i,1
1p-GIVE-indef,1
SCL:V/2horse galloping,1
(nd-1)BEFORE,1
(5)THROW,1
fs-GLITTER,1
DCL:B-Llong hair,1
fs-SUPREME,1
LOCK,1
(nd-1)GATE,1
FOURTH,1
JULY,1
SCL:1one person approaching another,1
SCL:1girlfriend,1
GOBBLE-UP,1
alt.CHEER,1
SCLperson passed out,1
SCL:bent-Bflat land,1
TRAFFIC_2,1
CRY,1
DCL:Xskiing back and forth,1
MEET-3p-pl-arc,1
1p-MEET-3p-pl-arc,1
SUFFER,1
fs-RISK,1
1p-ASK:i,1
AUTUMN,1
TEST_2,1
ORGANIZATION,1
PICK/CHOOSE-1p,1
HONOR,1
APPLY-1p,1
fs-TASKS,1
GET-IN,1
alt.FLY-BY-PLANE,1
PCL:5long line of cars,1
ALCOHOL,1
OFFICE,1
D,1
i:BLAME-1p,1
1p-LOOK:i,1
EMPTY-FROM-NOW-ON,1
fs-DRAMA,1
MATH,1
PROBLEM_2,1
alt.LONG-AGO,1
LONG-PAST,1
ns-nat-GERMANY,1
DAY,1
ONE-MORE,1
ONE-WEEK_2,1
BREAKFAST,1
ns-TEXAS,1
LOSE-COMPETITION,1
SUNDAY_2,1
(H)THURSDAY,1
ns-fs-JOHN-STEWART,1
CAFETERIA,1
ns-fs-GEORGE-BUSH,1
5unsure,1
NEXT/UPCOMING,1
CHRISTMAS,1
SNOB,1
CHEAP,1
5that's it,1
ns-fs-MAYOR-BLOOMBERG,1
MORE-THAN,1
THATS-ALL,1
(W)WEATHER,1
COMPUTER_2,1
EXTENSIVE-KNOWLEDGE,1
(P)UPSET,1
5hey no,1
ns-AMERICAN-AIRLINES,1
STRAIGHT,1
ns-fs-MIAMI,1
I don't know,1
j:CALL-BY-PHONE-1p,1
SEE:j,1
CALL-BY-PHONE:k,1
5of course,1
fs-HEIGHT,1
NOT-CARE,1
LCL:3parked car,1
HIT_2,1
L-XI don't know,1
LI don't know,1
5-C-Lthat's the way it is,1
RESPONSIBILITY,1
i:SEND/MAIL-1p,1
3come on,1
SCRATCH,1
aw man,1
DCLholding DVD,1
i:CHASE:j,1
fs-GIFT,1
ASSAULT,1
i:SUE:j,1
5-C-Lout of my control,1
KICK-OUT,1
fs-GOLD,1
RUIN,1
RUN-OUT,1
MALE-COUSIN,1
SCL:U-Lperson walking,1
BLAME,1
ns-fs-JANET,1
ns-fs-JANE,1
SCL:3bike crashing,1
SCL:3fall off bike,1
fs-GAZPACHO,1
5why is it so,1
AC,1
COOL,1
fs-PEOPLE,1
SMIRK,1
ns-ITALY,1
UGLY,1
DAUGHTER,1
PANTS_2,1
SCL:crvd-Vtwo people on tandem bicycle,1
ALL-NIGHT-TO-MORNING,1
ns-fs-DAN,1
LCL:bent-B-xdswallow fish,1
NEPHEW,1
DCLblinking lights on shoes,1
BUS,1
LCL:crvd-V/2person sit next to me,1
BUSY/BUSINESS,1
CLASS-pl,1
ns-fs-LAND-O-LAKES,1
ADULT-TALL-pl,1
MIDNIGHT,1
THREE_2,1
ns-fs-ROBERTS,1
fs-RANCH,1
LEMON,1
fs-MARGARINE,1
UP-AHEAD,1
SAVE,1
fs-TREAT,1
ns-nat-JAMAICA,1
DEAF-APPLAUSE,1
DELETE_3,1
PAY,1
REST,1
CREATE/PRETEND,1
BACK-OF-MIND,1
AUTOMATIC,1
ICLopening can,1
COLD_2,1
(1)TEMPERATURE-DROP,1
WASHING-MACHINE,1
DCLsmall box,1
SAD,1
5ok (giving in),1
WAIT-A-MINUTE,1
PUNISH,1
DISMISS,1
FINGERSPELL,1
DOUBT-1p,1
MYSTERY,1
ns-fs-BUSTUN,1
SCL:5deflated tire,1
ns-fs-SILBER,1
CRACK,1
DOOR,1
QUIT,1
B-L:I don't know,1
OK-1p,1
INFORM-2p,1
POSTPONE,1
OPEN,1
ns-fs-JOHN:i,1
SAME-TIME,1
TIME-FOUR,1
(V/2)COME:j,1
PCL:V/2people walking,1
fs-CAKES,1
TOGETHER/GO-STEADY:j,1
1p-TELL-2p,1
POSTER,1
(Y)COUNTRY,1
DEPART:k,1
ns-fs-BEN,1
ns-fs-MAINE,1
DRIVE:i,1
ANNOUNCE,1
SCL:V/2two people coming,1
alt.FANCY,1
SCL:3big car,1
MAN_2,1
SEPT,1
ns-fs-GEORGE-CLOONEY,1
5-C-LI don't know,1
BOAT_2,1
SAVE-MONEY,1
TWO-HUNDRED,1
OPTION,1
COCHLEAR-IMPLANT,1
FOURTH-IN-LIST,1
CUED-SPEECH,1
FIFTH-IN-LIST,1
TRACK-PINKY,1
fs-INTIMIDATING,1
POWERFUL,1
NEXT-TOPIC,1
PROVE,1
SCLmentor coming in,1
STUDY:i,1
STUDY:j,1
GROUP:i,1
GROUP:j,1
fs-JOURNEY,1
NEXT-GROUP,1
(5)RANGE,1
FAULT,1
LIST-ORDER-MIDDLE,1
ACCIDENT,1
SCL:1'HIT' group,1
ONE-WEEK,1
alt.ASK_2:i,1
fs-DIAGNOSIS,1
fs-TERMINAL,1
INCLUDE/INVOLVE:j,1
SCL:1deaf person meeting family,1
(rd)ENOUGH,1
SHOW:j,1
B-Lfocus,1
fs-IDENTIFIED,1
fs-CHILD,1
ns-D,1
GROUP,1
PROCEED_2,1
(nd-3)SECOND-IN-LIST,1
VISIT,1
SCL:1mentor meeting a deaf child,1
SCL:1mentor,1
SCL:1a deaf child meeting deaf mentor,1
SCL:1mentored person,1
PCL:4large group in circle,1
SIXTY,1
BACK-TO-TOPIC,1
fs-INVOLVEMENT,1
fs-RESOURCES,1
REMIND,1
(R)REFER,1
(nd-W)LIST-ORDER-RING,1
(nd-4)LIST-ORDER-PINKY,1
LIST-ORDER-THUMB,1
BUOY_7,1
SUBLIMINAL-INFLUENCE,1
crvd-Byou see,1
WORD-pl,1
fs-WERE,1
DRUGS,1
BEHAVIOR,1
INTERRUPT:j,1
INTERRUPT:k,1
SCL:1doctor approaches parent,1
SCL:V/2doctor and nurse approach parent,1
SCL:1parent approached by doctor,1
SCL:1parent approached by doctor and nurse,1
fs-CRASHED,1
ONE_2,1
PCL:5coming in,1
VIDEOTAPE_2,1
INFORM:j,1
alt.DISAPPOINT,1
SCL:1mentor supporting family,1
EMOTION_2,1
fs-COG,1
Lyou see,1
SCL:1parent meeting mentor,1
LIST-NAMES,1
5-C-Lyou know,1
